timestamp,bin_id,fill_level,waste_type,temperature,humidity,weight,location_lat,location_long,collection_frequency,fill_rate
2024-02-08 23:38:44.443428,9,76.62,Organic,29.15,75.16,47.84,20.307704,85.848128,4,1.38
2024-02-09 06:38:44.443428,16,78.12,Organic,35.14,77.95,0.09,20.256573,85.87194,3,1.95
2024-02-09 09:38:44.443428,12,59.58,Hazardous,33.1,74.13,36.18,20.274151,85.842181,6,0.67
2024-02-09 11:38:44.443428,16,21.45,Recyclable,27.16,72.72,37.41,20.297988,85.829249,3,1.49
2024-02-09 14:38:44.443428,6,79.69,Recyclable,37.37,81.6,25.19,20.289505,85.842107,3,1.73
2024-02-09 17:38:44.443428,19,26.86,Recyclable,28.9,89.37,1.53,20.277922,85.862252,2,0.75
2024-02-10 11:38:44.443428,7,56.2,Organic,30.23,63.61,32.72,20.319637,85.868765,4,1.79
2024-02-10 17:38:44.443428,19,87.17,General,35.84,75.89,25.52,20.28353,85.839361,3,0.12
2024-02-13 01:38:44.443428,10,94.57,General,30.11,73.9,3.39,20.26695,85.839368,6,0.72
2024-02-13 05:38:44.443428,2,2.57,Recyclable,39.25,79.91,32.43,20.250127,85.877154,2,0.78
2024-02-13 09:38:44.443428,13,29.2,Hazardous,38.84,84.29,8.1,20.337049,85.830774,7,0.24
2024-02-13 11:38:44.443428,4,73.36,General,34.77,83.7,12.04,20.245101,85.882685,3,1.63
2024-02-13 14:38:44.443428,15,13.57,Hazardous,31.31,80.78,9.71,20.30311,85.853305,6,0.22
2024-02-13 20:38:44.443428,3,19.21,General,37.97,89.55,47.96,20.304009,85.809833,2,0.91
2024-02-13 23:38:44.443428,19,74.96,Hazardous,33.02,81.96,31.05,20.2575,85.861006,3,0.51
2024-02-14 03:38:44.443428,4,36.05,Hazardous,29.11,85.11,0.66,20.268116,85.881366,6,1.49
2024-02-14 08:38:44.443428,20,26.05,Organic,39.59,78.7,38.07,20.324195,85.860544,3,0.29
2024-02-14 10:38:44.443428,1,60.88,General,39.97,76.01,22.3,20.286641,85.797872,1,1.73
2024-02-14 10:38:44.443428,16,10.16,General,34.45,61.0,46.94,20.299591,85.821654,2,1.32
2024-02-14 11:38:44.443428,8,45.34,Organic,30.86,83.01,47.47,20.325028,85.802713,4,1.42
2024-02-15 00:38:44.443428,3,66.89,General,30.75,60.81,42.69,20.264874,85.785434,3,1.84
2024-02-15 10:38:44.443428,7,70.72,Organic,38.52,83.3,43.23,20.264709,85.829597,1,1.35
2024-02-15 16:38:44.443428,18,54.64,General,32.32,87.44,19.64,20.311801,85.845641,3,0.33
2024-02-15 19:38:44.443428,12,66.48,General,35.31,69.7,42.69,20.264883,85.856605,7,0.17
2024-02-16 07:38:44.443428,17,35.19,Hazardous,30.33,84.09,12.32,20.247446,85.847454,2,1.45
2024-02-16 08:38:44.443428,15,46.47,Recyclable,39.85,88.74,33.84,20.265905,85.868081,5,1.03
2024-02-16 12:38:44.443428,5,2.84,General,31.82,76.59,48.1,20.264335,85.865767,4,1.65
2024-02-16 21:38:44.443428,12,72.11,Recyclable,26.75,68.11,39.98,20.335235,85.837853,5,0.34
2024-02-17 10:38:44.443428,18,90.71,Hazardous,33.39,74.13,33.57,20.277907,85.787938,7,0.93
2024-02-18 18:38:44.443428,5,91.92,General,35.35,85.67,34.06,20.317717,85.81166,7,0.56
2024-02-18 18:38:44.443428,5,64.48,Hazardous,25.21,76.9,36.77,20.264706,85.796125,4,1.04
2024-02-18 21:38:44.443428,7,29.59,General,35.91,69.37,23.55,20.25386,85.785927,2,0.49
2024-02-19 02:38:44.443428,12,76.89,Hazardous,32.91,69.06,24.52,20.250703,85.796195,2,1.62
2024-02-19 08:38:44.443428,8,17.29,Recyclable,30.56,66.08,48.69,20.301448,85.868334,5,0.75
2024-02-19 13:38:44.443428,19,54.22,General,27.83,71.35,17.78,20.275271,85.845603,5,0.29
2024-02-20 00:38:44.443428,5,88.84,Hazardous,27.84,75.98,30.64,20.318673,85.80118,4,1.57
2024-02-20 18:38:44.443428,4,7.7,General,26.84,88.87,38.6,20.307783,85.865465,3,1.3
2024-02-20 22:38:44.443428,4,78.21,Recyclable,33.83,61.51,25.35,20.280453,85.807086,4,0.5
2024-02-21 09:38:44.443428,13,35.5,Organic,28.29,74.04,45.36,20.330053,85.825923,6,1.93
2024-02-21 16:38:44.443428,17,72.31,Recyclable,38.63,62.05,21.19,20.303676,85.882993,2,1.96
2024-02-21 23:38:44.443428,5,6.83,Organic,27.51,64.92,34.52,20.335212,85.877709,1,1.07
2024-02-22 02:38:44.443428,1,85.61,Recyclable,31.17,81.73,1.36,20.242384,85.865558,7,1.97
2024-02-22 10:38:44.443428,1,82.81,Organic,37.28,73.81,36.77,20.32998,85.883931,2,1.93
2024-02-22 10:38:44.443428,19,84.03,Recyclable,33.26,81.07,30.16,20.312818,85.824671,5,1.36
2024-02-22 16:38:44.443428,1,10.71,Organic,33.37,78.07,22.69,20.293963,85.877186,1,1.31
2024-02-23 01:38:44.443428,15,92.26,Recyclable,39.1,76.34,42.19,20.325961,85.806763,3,1.08
2024-02-23 18:38:44.443428,3,28.76,Recyclable,38.34,87.46,19.19,20.331256,85.883673,1,1.65
2024-02-24 00:38:44.443428,17,13.52,Recyclable,27.43,66.73,38.33,20.239885,85.873926,6,0.98
2024-02-24 17:38:44.443428,5,42.25,General,31.91,60.22,7.78,20.293978,85.840213,2,0.82
2024-02-24 22:38:44.443428,4,21.09,General,29.56,63.78,29.98,20.252481,85.830801,2,1.54
2024-02-26 04:38:44.443428,17,10.2,General,36.84,88.27,32.11,20.310575,85.877954,6,1.34
2024-02-27 04:38:44.443428,20,73.51,Organic,27.31,84.5,18.57,20.240268,85.883388,4,0.4
2024-02-27 06:38:44.443428,7,74.28,Organic,27.07,68.76,43.27,20.322823,85.821813,2,0.44
2024-02-27 16:38:44.443428,20,3.84,Organic,37.66,75.95,39.14,20.329548,85.83221,5,0.39
2024-02-28 07:38:44.443428,15,64.47,General,25.08,76.95,22.54,20.323896,85.794554,5,1.18
2024-02-28 10:38:44.443428,9,69.18,Recyclable,38.11,70.85,44.51,20.317819,85.875716,1,1.04
2024-02-29 01:38:44.443428,19,75.25,Recyclable,30.12,70.44,0.55,20.277079,85.825622,1,0.82
2024-02-29 03:38:44.443428,15,71.35,Organic,39.31,84.42,13.12,20.314431,85.871054,4,1.96
2024-02-29 13:38:44.443428,10,3.35,General,27.94,72.21,6.29,20.297296,85.799618,6,0.91
2024-02-29 22:38:44.443428,13,25.05,General,39.67,69.63,0.85,20.32201,85.797305,1,0.28
2024-03-01 01:38:44.443428,9,29.15,Recyclable,34.01,86.37,31.08,20.335839,85.804708,1,1.06
2024-03-01 10:38:44.443428,9,13.98,General,27.22,88.5,28.09,20.335011,85.823603,7,1.65
2024-03-01 12:38:44.443428,1,3.06,Recyclable,35.83,67.45,32.3,20.279717,85.802206,4,0.71
2024-03-01 21:38:44.443428,19,72.6,Organic,34.71,73.12,21.15,20.257774,85.820258,4,1.6
2024-03-02 00:38:44.443428,11,82.72,Organic,36.26,73.97,38.75,20.315498,85.869638,1,0.66
2024-03-02 10:38:44.443428,7,95.06,Recyclable,38.24,66.91,43.46,20.292015,85.817119,6,0.54
2024-03-02 22:38:44.443428,14,87.62,Recyclable,27.09,84.13,6.06,20.26191,85.816346,4,0.2
2024-03-02 22:38:44.443428,9,46.71,Recyclable,25.58,79.12,22.95,20.265241,85.798161,1,1.94
2024-03-03 18:38:44.443428,11,28.31,Organic,34.32,69.32,20.39,20.267731,85.87154,7,0.82
2024-03-03 19:38:44.443428,14,5.87,General,28.62,66.41,40.9,20.280689,85.850206,4,1.89
2024-03-03 22:38:44.443428,16,93.77,Hazardous,30.05,88.07,17.15,20.278821,85.830147,3,1.55
2024-03-03 23:38:44.443428,1,18.34,General,38.78,75.76,19.63,20.257707,85.88126,3,1.91
2024-03-04 05:38:44.443428,14,60.69,Organic,28.01,65.8,46.34,20.296175,85.83822,2,1.72
2024-03-05 11:38:44.443428,3,34.47,Organic,37.98,65.23,41.11,20.239878,85.883788,1,0.98
2024-03-05 15:38:44.443428,7,96.98,Organic,38.0,60.21,25.31,20.288713,85.854568,7,1.77
2024-03-06 10:38:44.443428,3,44.12,Hazardous,36.23,74.01,39.59,20.333435,85.804567,1,0.91
2024-03-07 06:38:44.443428,11,7.25,General,26.73,62.29,3.04,20.279364,85.820468,5,0.85
2024-03-07 11:38:44.443428,20,54.64,Organic,39.31,75.08,40.52,20.263602,85.874942,1,1.21
2024-03-07 12:38:44.443428,16,34.64,Hazardous,30.09,74.78,43.84,20.31256,85.819121,7,1.18
2024-03-08 00:38:44.443428,3,31.57,Recyclable,39.43,84.57,20.79,20.289736,85.834317,1,1.48
2024-03-08 05:38:44.443428,6,57.03,General,31.14,66.87,29.13,20.295201,85.848424,6,0.84
2024-03-08 21:38:44.443428,10,7.22,Organic,32.83,62.37,22.15,20.315946,85.814263,1,0.33
2024-03-09 04:38:44.443428,19,73.76,Recyclable,37.75,74.41,16.86,20.290443,85.853662,4,1.07
2024-03-09 09:38:44.443428,13,69.2,Organic,26.56,88.92,16.68,20.333128,85.855557,5,1.89
2024-03-09 15:38:44.443428,11,16.6,General,39.51,61.77,11.03,20.312099,85.807595,4,0.28
2024-03-09 20:38:44.443428,15,13.11,Hazardous,34.64,88.95,2.47,20.274297,85.842398,4,1.26
2024-03-09 20:38:44.443428,15,69.37,General,35.85,85.41,27.9,20.319727,85.852627,4,1.09
2024-03-10 11:38:44.443428,17,72.87,General,28.75,75.44,11.25,20.305959,85.785844,1,0.29
2024-03-11 02:38:44.443428,15,36.17,Recyclable,37.99,77.18,10.18,20.331208,85.859595,1,1.81
2024-03-11 07:38:44.443428,8,74.09,General,39.88,85.04,4.9,20.276388,85.812831,6,1.77
2024-03-11 10:38:44.443428,13,66.87,Organic,36.92,78.41,5.81,20.272499,85.872247,5,0.15
2024-03-11 16:38:44.443428,2,57.9,Recyclable,27.13,87.21,20.4,20.252846,85.83535,1,0.66
2024-03-11 22:38:44.443428,15,81.55,Organic,36.14,74.45,38.15,20.296323,85.871015,3,0.25
2024-03-11 23:38:44.443428,1,9.69,General,39.33,82.8,14.99,20.242798,85.849302,3,0.85
2024-03-12 00:38:44.443428,7,45.59,Hazardous,38.24,85.79,20.18,20.278942,85.830984,4,1.95
2024-03-13 03:38:44.443428,14,49.54,Organic,32.68,61.95,2.01,20.293077,85.864782,2,0.92
2024-03-13 20:38:44.443428,5,24.98,Recyclable,37.04,62.07,20.54,20.290295,85.81313,6,0.6
2024-03-14 01:38:44.443428,18,66.82,Organic,30.38,85.18,29.73,20.339105,85.867498,5,0.83
2024-03-14 07:38:44.443428,12,86.88,General,27.28,72.05,37.66,20.263123,85.866279,6,1.78
2024-03-14 17:38:44.443428,17,27.56,Organic,38.92,81.57,15.52,20.334568,85.801064,5,0.92
2024-03-14 21:38:44.443428,17,85.92,Organic,26.52,86.59,27.05,20.261956,85.866068,5,1.45
2024-03-14 21:38:44.443428,16,68.73,Recyclable,28.19,83.34,15.5,20.327876,85.869881,4,1.24
2024-03-15 06:38:44.443428,3,34.12,General,28.82,63.86,0.75,20.257095,85.830713,1,1.98
2024-03-15 16:38:44.443428,12,12.59,General,35.55,76.74,6.85,20.329079,85.829124,5,1.03
2024-03-15 19:38:44.443428,15,20.99,Hazardous,36.97,64.57,12.21,20.331391,85.877683,3,0.61
2024-03-15 22:38:44.443428,1,38.43,Organic,26.97,85.24,36.01,20.278281,85.867852,7,1.26
2024-03-16 07:38:44.443428,5,34.98,General,33.94,81.74,27.5,20.269279,85.86185,7,1.67
2024-03-17 03:38:44.443428,1,65.61,General,30.73,80.87,29.16,20.282829,85.811578,3,0.94
2024-03-17 18:38:44.443428,12,88.7,Hazardous,35.81,69.49,31.52,20.330437,85.855349,7,0.22
2024-03-18 19:38:44.443428,11,21.01,Organic,33.29,89.28,16.13,20.285939,85.810254,3,1.44
2024-03-19 04:38:44.443428,10,10.18,Recyclable,28.6,80.24,26.2,20.307722,85.874928,5,0.13
2024-03-19 13:38:44.443428,1,80.37,Organic,32.74,77.9,32.11,20.328943,85.797974,7,0.91
2024-03-19 21:38:44.443428,12,34.43,Organic,31.54,71.32,19.82,20.311958,85.879712,1,0.65
2024-03-21 00:38:44.443428,17,15.8,Organic,37.17,77.27,19.74,20.297593,85.838544,2,1.98
2024-03-21 23:38:44.443428,5,46.48,Hazardous,29.49,70.45,9.57,20.286005,85.853016,3,1.08
2024-03-22 15:38:44.443428,19,4.26,Recyclable,38.9,81.27,16.39,20.265177,85.854732,3,1.21
2024-03-23 02:38:44.443428,7,67.7,General,25.69,88.91,18.16,20.240022,85.880188,6,1.05
2024-03-23 04:38:44.443428,4,68.1,General,26.89,81.29,16.02,20.312087,85.877418,6,1.65
2024-03-23 09:38:44.443428,19,30.39,Hazardous,38.67,79.83,6.77,20.277333,85.825585,2,0.36
2024-03-23 19:38:44.443428,9,43.16,Hazardous,36.12,71.36,45.1,20.253113,85.824891,5,2.0
2024-03-23 23:38:44.443428,2,47.12,Hazardous,31.45,73.57,47.3,20.335853,85.842949,6,1.7
2024-03-24 00:38:44.443428,16,13.22,Recyclable,35.37,83.04,27.53,20.244681,85.787463,2,1.85
2024-03-24 10:38:44.443428,4,3.22,Organic,31.61,86.2,33.37,20.275341,85.807232,2,1.95
2024-03-25 01:38:44.443428,13,71.17,General,38.64,60.63,29.91,20.311012,85.823888,7,0.39
2024-03-25 06:38:44.443428,16,17.72,Recyclable,30.59,89.24,23.77,20.333217,85.864976,7,1.87
2024-03-25 06:38:44.443428,2,29.49,Hazardous,35.24,82.09,48.07,20.248041,85.864928,6,1.88
2024-03-25 11:38:44.443428,8,9.37,Organic,35.18,61.4,30.93,20.25335,85.861607,5,1.29
2024-03-25 11:38:44.443428,2,24.96,Hazardous,33.17,67.58,20.56,20.251232,85.804701,1,1.7
2024-03-26 11:38:44.443428,1,92.8,General,28.64,83.94,42.12,20.269398,85.797046,3,1.07
2024-03-27 05:38:44.443428,1,40.54,Recyclable,37.3,65.72,48.84,20.264225,85.786312,4,1.86
2024-03-27 17:38:44.443428,16,39.4,Organic,28.37,78.04,9.41,20.304368,85.820257,3,0.65
2024-03-28 00:38:44.443428,5,79.36,Recyclable,33.94,68.17,10.19,20.332468,85.841076,1,1.82
2024-03-28 09:38:44.443428,7,26.59,General,31.9,61.56,48.22,20.304465,85.858094,4,0.54
2024-03-28 20:38:44.443428,14,73.57,Recyclable,30.62,65.27,46.48,20.247877,85.827623,7,1.17
2024-03-29 07:38:44.443428,10,88.16,Hazardous,29.25,88.24,31.24,20.295045,85.821639,1,0.42
2024-03-29 15:38:44.443428,16,71.26,Hazardous,32.5,70.99,17.62,20.249795,85.854499,4,1.79
2024-03-29 16:38:44.443428,16,96.9,Organic,36.74,84.1,32.39,20.320562,85.831213,3,1.7
2024-03-29 19:38:44.443428,15,83.69,General,34.25,88.21,43.58,20.281621,85.84342,2,1.38
2024-03-30 05:38:44.443428,19,6.79,Organic,39.61,75.73,27.28,20.337807,85.821036,5,1.43
2024-03-30 07:38:44.443428,18,15.85,Recyclable,35.43,77.51,26.27,20.316966,85.806709,1,1.83
2024-03-30 20:38:44.443428,8,60.61,Recyclable,25.7,81.15,37.58,20.24978,85.849988,2,0.96
2024-03-31 07:38:44.443428,2,87.3,Recyclable,31.75,60.81,27.08,20.26692,85.844852,3,0.29
2024-03-31 17:38:44.443428,7,23.05,Recyclable,35.78,72.6,31.67,20.32616,85.817811,6,0.8
2024-03-31 22:38:44.443428,16,75.22,General,27.14,77.67,19.99,20.246488,85.86185,4,0.41
2024-04-01 02:38:44.443428,19,40.34,Hazardous,28.46,62.97,22.94,20.275671,85.868343,7,0.12
2024-04-01 09:38:44.443428,10,23.82,Organic,39.87,80.53,31.38,20.271223,85.83764,2,1.85
2024-04-01 21:38:44.443428,9,63.53,Hazardous,38.66,69.49,1.38,20.306914,85.809008,7,1.69
2024-04-01 22:38:44.443428,6,42.5,Hazardous,38.89,82.98,46.66,20.327869,85.823353,4,0.4
2024-04-02 10:38:44.443428,1,36.25,Hazardous,26.36,85.06,30.88,20.279829,85.788835,6,1.11
2024-04-02 14:38:44.443428,12,43.1,Hazardous,37.75,74.87,24.44,20.241502,85.863159,3,0.31
2024-04-02 19:38:44.443428,16,65.03,Hazardous,25.46,62.65,37.49,20.278816,85.88501,7,0.35
2024-04-02 21:38:44.443428,8,47.05,Recyclable,31.02,85.02,17.77,20.329965,85.823377,4,1.69
2024-04-02 22:38:44.443428,4,6.32,Hazardous,36.38,65.97,26.08,20.306478,85.854074,6,1.75
2024-04-03 01:38:44.443428,13,59.38,Organic,38.33,61.96,13.97,20.271363,85.834845,3,0.63
2024-04-04 10:38:44.443428,13,94.2,Hazardous,34.29,75.49,11.11,20.260212,85.868264,1,0.85
2024-04-04 17:38:44.443428,11,38.77,Hazardous,37.41,87.04,47.35,20.335926,85.869446,4,1.25
2024-04-04 23:38:44.443428,9,48.77,General,25.63,81.96,6.48,20.256168,85.856787,4,1.64
2024-04-05 14:38:44.443428,9,60.53,Recyclable,32.65,68.42,7.49,20.252052,85.868545,5,0.58
2024-04-05 23:38:44.443428,17,7.77,Hazardous,28.39,80.65,30.23,20.327762,85.830772,3,0.26
2024-04-06 01:38:44.443428,13,45.09,Recyclable,28.22,64.93,8.6,20.30598,85.788141,5,0.11
2024-04-07 00:38:44.443428,19,25.1,Organic,29.19,64.88,28.89,20.258217,85.794654,4,0.92
2024-04-07 07:38:44.443428,20,0.52,Recyclable,25.47,74.08,12.09,20.318142,85.841741,6,1.96
2024-04-07 11:38:44.443428,19,94.86,Organic,39.6,88.47,4.71,20.300052,85.824954,6,0.51
2024-04-08 21:38:44.443428,12,95.67,General,38.46,74.76,45.12,20.253607,85.785599,4,0.98
2024-04-09 02:38:44.443428,18,41.23,Recyclable,29.95,60.68,6.33,20.332382,85.86894,4,0.74
2024-04-09 07:38:44.443428,10,70.46,Organic,38.91,78.62,34.87,20.24144,85.878662,1,0.81
2024-04-09 07:38:44.443428,3,84.05,Organic,38.88,80.57,34.62,20.30201,85.816629,7,1.76
2024-04-09 11:38:44.443428,6,49.33,Hazardous,29.56,72.84,19.94,20.278742,85.845728,6,0.92
2024-04-09 12:38:44.443428,20,74.01,General,32.3,80.75,30.36,20.297408,85.829224,3,1.4
2024-04-09 22:38:44.443428,7,76.44,General,34.56,65.74,44.08,20.293907,85.820412,2,1.06
2024-04-10 07:38:44.443428,1,78.76,Hazardous,37.14,68.46,26.19,20.297962,85.816604,4,1.18
2024-04-10 13:38:44.443428,3,40.71,General,29.13,67.98,36.72,20.325033,85.874278,7,0.36
2024-04-10 22:38:44.443428,4,88.69,Recyclable,26.95,60.77,45.59,20.325781,85.884908,2,1.67
2024-04-10 23:38:44.443428,11,93.92,Organic,27.55,66.23,46.58,20.296752,85.842053,4,1.54
2024-04-11 01:38:44.443428,12,82.34,Hazardous,26.75,78.89,32.05,20.296753,85.804349,2,1.5
2024-04-11 06:38:44.443428,1,44.27,Hazardous,34.83,72.19,0.6,20.273486,85.855058,4,1.48
2024-04-11 11:38:44.443428,17,37.7,Recyclable,38.27,65.05,20.54,20.245535,85.873923,5,0.52
2024-04-11 13:38:44.443428,1,11.77,Recyclable,33.45,63.75,30.49,20.33907,85.867807,4,0.72
2024-04-11 19:38:44.443428,18,83.52,Recyclable,26.66,74.76,36.03,20.314772,85.827874,7,0.13
2024-04-12 01:38:44.443428,1,6.01,Recyclable,35.07,85.57,40.1,20.326253,85.817368,2,0.5
2024-04-12 08:38:44.443428,19,57.27,General,38.59,71.98,0.59,20.335125,85.864757,1,0.75
2024-04-12 15:38:44.443428,19,81.91,Recyclable,38.85,88.42,22.45,20.270217,85.812039,2,0.75
2024-04-13 04:38:44.443428,9,95.91,Organic,31.87,68.41,26.52,20.274641,85.864248,5,0.92
2024-04-13 10:38:44.443428,17,87.07,Organic,33.64,73.24,38.26,20.307722,85.83383,4,0.26
2024-04-13 10:38:44.443428,5,97.17,Recyclable,28.91,64.72,41.58,20.329307,85.79082,6,1.53
2024-04-13 13:38:44.443428,19,47.81,Recyclable,25.83,80.06,18.44,20.264353,85.786684,6,0.16
2024-04-13 19:38:44.443428,4,71.23,General,38.89,80.13,39.91,20.329694,85.792102,6,0.87
2024-04-14 17:38:44.443428,19,66.25,Hazardous,26.87,74.87,11.87,20.267259,85.837484,3,0.97
2024-04-14 22:38:44.443428,13,73.43,Hazardous,27.89,66.05,18.82,20.255873,85.820988,1,0.13
2024-04-15 20:38:44.443428,11,37.07,Hazardous,34.84,71.34,8.64,20.331178,85.866613,5,1.92
2024-04-16 10:38:44.443428,12,50.44,Recyclable,29.64,74.49,21.98,20.325519,85.809325,4,0.96
2024-04-16 11:38:44.443428,8,81.67,Organic,27.24,61.18,39.37,20.243791,85.868094,7,0.12
2024-04-17 05:38:44.443428,11,5.19,Hazardous,36.81,69.46,35.94,20.294549,85.83713,1,1.05
2024-04-17 11:38:44.443428,9,28.17,Organic,28.69,70.08,13.32,20.252768,85.867876,2,1.75
2024-04-17 15:38:44.443428,3,96.72,Hazardous,29.23,83.45,40.29,20.262954,85.883527,4,0.72
2024-04-17 23:38:44.443428,1,20.93,General,33.28,86.29,31.0,20.308078,85.806287,2,1.82
2024-04-18 06:38:44.443428,10,22.86,Recyclable,30.39,67.26,26.04,20.312414,85.876861,7,0.24
2024-04-18 10:38:44.443428,20,46.0,General,34.91,68.38,4.97,20.302837,85.82031,5,1.91
2024-04-18 12:38:44.443428,8,54.08,Hazardous,32.2,65.09,17.25,20.314956,85.80115,4,1.85
2024-04-18 21:38:44.443428,12,52.65,Hazardous,28.92,78.83,42.59,20.327324,85.788475,3,0.65
2024-04-19 02:38:44.443428,11,72.31,Hazardous,39.41,69.79,13.46,20.294672,85.790866,1,0.77
2024-04-19 03:38:44.443428,12,68.37,General,33.39,62.12,4.68,20.285795,85.827013,2,0.52
2024-04-19 04:38:44.443428,5,26.96,General,36.48,71.09,13.91,20.271185,85.874805,3,0.6
2024-04-19 08:38:44.443428,11,20.9,Organic,29.39,87.85,36.0,20.323116,85.869347,6,1.85
2024-04-20 04:38:44.443428,17,88.45,Recyclable,32.88,87.8,37.06,20.265744,85.869617,7,1.47
2024-04-20 07:38:44.443428,16,69.92,Recyclable,25.65,76.51,36.63,20.250741,85.841332,3,2.0
2024-04-20 12:38:44.443428,18,90.31,General,25.7,65.21,31.64,20.250035,85.822731,5,0.75
2024-04-20 18:38:44.443428,12,1.13,Recyclable,33.46,77.78,18.39,20.309715,85.851005,4,0.78
2024-04-21 03:38:44.443428,11,92.79,General,28.0,80.26,20.51,20.273325,85.808877,6,0.26
2024-04-21 04:38:44.443428,18,36.63,Recyclable,32.26,82.66,11.97,20.251699,85.84211,6,1.99
2024-04-21 22:38:44.443428,8,80.02,General,26.0,65.17,20.66,20.240877,85.854522,7,1.1
2024-04-22 00:38:44.443428,19,25.79,Hazardous,32.97,61.96,47.34,20.239966,85.824488,4,1.5
2024-04-22 06:38:44.443428,9,81.28,Hazardous,39.44,85.53,45.83,20.328772,85.872741,7,1.54
2024-04-22 11:38:44.443428,17,70.68,Organic,36.82,62.47,21.16,20.275103,85.819058,7,0.71
2024-04-22 13:38:44.443428,2,36.58,Hazardous,28.77,61.89,3.16,20.268007,85.813256,2,0.12
2024-04-22 23:38:44.443428,12,54.47,General,34.22,74.56,39.23,20.268123,85.823215,7,0.86
2024-04-23 04:38:44.443428,10,84.67,Hazardous,25.12,87.16,35.76,20.319684,85.785454,2,1.98
2024-04-23 06:38:44.443428,5,99.53,Recyclable,37.26,60.15,15.84,20.27873,85.843366,4,0.2
2024-04-23 07:38:44.443428,16,70.16,Organic,29.53,65.92,37.28,20.298981,85.818186,7,0.43
2024-04-23 13:38:44.443428,2,21.31,Recyclable,27.64,68.6,48.37,20.258434,85.874539,3,1.78
2024-04-23 16:38:44.443428,4,3.06,Recyclable,26.38,78.31,6.39,20.243556,85.800583,2,1.88
2024-04-23 17:38:44.443428,7,85.38,Organic,39.03,89.77,29.78,20.297564,85.820994,5,0.36
2024-04-23 18:38:44.443428,8,89.77,Recyclable,25.28,81.45,35.14,20.290336,85.786146,6,1.46
2024-04-23 22:38:44.443428,11,74.77,Hazardous,28.86,67.78,47.84,20.314016,85.821496,6,0.14
2024-04-24 00:38:44.443428,4,86.77,Hazardous,31.93,82.91,11.72,20.324256,85.820773,5,1.81
2024-04-24 05:38:44.443428,6,92.72,Hazardous,35.78,60.23,48.31,20.282043,85.813786,5,0.46
2024-04-24 06:38:44.443428,15,26.74,General,33.32,83.06,3.8,20.270151,85.864612,3,0.72
2024-04-24 12:38:44.443428,16,11.47,Hazardous,30.68,83.85,36.5,20.313545,85.879633,5,1.98
2024-04-24 17:38:44.443428,5,31.13,General,37.51,71.02,39.11,20.319191,85.79475,2,0.86
2024-04-24 18:38:44.443428,13,80.56,Hazardous,30.44,80.18,41.85,20.28197,85.87974,5,1.34
2024-04-25 07:38:44.443428,16,2.32,General,36.25,80.55,38.44,20.243061,85.846267,6,0.92
2024-04-26 19:38:44.443428,3,85.2,Hazardous,35.68,84.7,43.99,20.278,85.810086,1,1.17
2024-04-26 20:38:44.443428,16,85.59,Organic,29.44,77.01,8.52,20.2543,85.787811,7,1.81
2024-04-27 03:38:44.443428,19,99.78,Recyclable,26.85,77.65,28.85,20.299644,85.873348,4,1.77
2024-04-27 06:38:44.443428,1,42.46,Recyclable,37.04,80.74,12.48,20.254972,85.790612,6,0.31
2024-04-27 07:38:44.443428,17,23.82,General,32.58,60.52,7.57,20.273134,85.806912,2,1.35
2024-04-27 08:38:44.443428,9,90.4,Hazardous,31.17,62.02,23.74,20.315864,85.847433,6,0.55
2024-04-27 11:38:44.443428,14,78.71,Hazardous,33.48,69.37,2.24,20.244377,85.829762,5,1.4
2024-04-27 21:38:44.443428,19,45.49,Recyclable,28.49,74.84,11.17,20.320284,85.849213,2,0.58
2024-04-28 13:38:44.443428,11,42.62,Hazardous,37.5,64.19,44.03,20.291403,85.801595,3,1.17
2024-04-28 14:38:44.443428,10,2.7,General,28.93,79.27,36.33,20.269278,85.825645,5,1.18
2024-04-28 17:38:44.443428,18,38.77,Organic,37.75,63.01,9.26,20.327839,85.883214,1,0.41
2024-04-29 13:38:44.443428,15,71.76,Hazardous,34.65,61.92,33.54,20.311893,85.797284,6,0.82
2024-04-29 15:38:44.443428,20,73.72,General,25.08,75.83,9.52,20.314794,85.788261,5,0.22
2024-04-30 02:38:44.443428,12,19.6,Organic,25.7,84.69,6.77,20.30664,85.852349,6,0.93
2024-04-30 05:38:44.443428,3,56.88,Recyclable,27.01,78.36,12.8,20.292203,85.796782,6,1.73
2024-05-01 17:38:44.443428,10,32.51,Recyclable,34.49,63.28,0.07,20.291201,85.851204,6,0.79
2024-05-01 20:38:44.443428,19,45.59,Hazardous,25.61,66.42,6.38,20.272832,85.838891,2,1.41
2024-05-02 03:38:44.443428,12,81.71,General,33.49,77.63,12.33,20.313509,85.873598,2,0.88
2024-05-02 03:38:44.443428,18,55.15,General,32.9,67.88,15.08,20.271594,85.827118,5,1.24
2024-05-02 09:38:44.443428,15,42.39,General,31.15,81.05,5.8,20.293254,85.833041,6,0.1
2024-05-02 14:38:44.443428,11,26.98,Hazardous,34.65,85.41,47.95,20.321949,85.811777,5,1.9
2024-05-02 21:38:44.443428,20,50.49,Hazardous,38.58,61.04,45.24,20.285806,85.811611,1,1.89
2024-05-03 10:38:44.443428,6,93.34,Organic,33.54,77.72,42.43,20.306468,85.883069,1,1.79
2024-05-03 15:38:44.443428,8,43.05,Recyclable,38.87,71.57,37.98,20.24501,85.810221,7,1.04
2024-05-04 03:38:44.443428,1,85.59,Hazardous,25.46,72.28,6.1,20.267141,85.875923,4,0.83
2024-05-04 20:38:44.443428,4,29.13,Recyclable,32.69,76.66,35.54,20.245637,85.788068,7,1.49
2024-05-07 02:38:44.443428,16,91.3,Organic,25.7,87.11,12.94,20.327586,85.846755,3,1.43
2024-05-07 14:38:44.443428,17,73.4,General,34.94,71.43,31.16,20.257661,85.884023,2,0.22
2024-05-07 23:38:44.443428,9,83.27,Organic,27.46,72.41,25.24,20.267818,85.83839,1,1.06
2024-05-08 02:38:44.443428,8,79.91,Recyclable,30.98,64.07,9.89,20.258964,85.871657,4,1.43
2024-05-08 10:38:44.443428,11,1.14,Hazardous,30.89,76.39,10.52,20.336475,85.843053,4,1.5
2024-05-09 04:38:44.443428,10,3.4,Recyclable,31.97,89.66,8.4,20.264758,85.883303,5,0.23
2024-05-09 04:38:44.443428,9,13.05,Recyclable,28.76,76.12,43.62,20.330167,85.866359,6,1.24
2024-05-09 08:38:44.443428,16,48.88,Hazardous,37.62,88.64,41.0,20.300034,85.842028,3,0.64
2024-05-09 10:38:44.443428,4,16.17,Recyclable,33.25,74.62,45.66,20.302596,85.823118,2,1.44
2024-05-09 21:38:44.443428,16,16.2,General,32.29,71.54,31.29,20.326887,85.836577,5,0.78
2024-05-09 23:38:44.443428,17,68.04,Hazardous,37.0,62.22,32.77,20.29897,85.853048,6,1.06
2024-05-09 23:38:44.443428,15,56.73,General,37.71,75.74,16.27,20.327227,85.787813,2,1.1
2024-05-10 13:38:44.443428,16,63.57,Hazardous,28.92,81.51,20.83,20.286388,85.81034,1,0.76
2024-05-10 23:38:44.443428,14,40.87,General,27.69,65.8,3.93,20.262182,85.842231,6,1.26
2024-05-11 02:38:44.443428,15,90.05,Hazardous,30.99,61.84,14.42,20.243667,85.873067,2,1.77
2024-05-11 12:38:44.443428,7,19.72,Recyclable,35.7,80.04,42.94,20.276312,85.813304,3,1.47
2024-05-11 22:38:44.443428,19,92.17,General,36.92,71.22,2.96,20.259598,85.884125,2,1.0
2024-05-12 00:38:44.443428,12,83.33,Organic,39.83,63.14,5.47,20.244869,85.799879,1,0.18
2024-05-13 01:38:44.443428,11,15.03,General,33.6,73.75,29.04,20.325201,85.848389,6,0.6
2024-05-13 05:38:44.443428,12,77.11,Recyclable,37.32,86.88,33.19,20.260045,85.800558,7,0.18
2024-05-13 10:38:44.443428,11,7.52,Recyclable,25.98,76.97,16.17,20.33352,85.884336,5,1.84
2024-05-13 18:38:44.443428,16,52.2,Hazardous,28.63,65.41,37.25,20.274022,85.819895,4,0.54
2024-05-13 20:38:44.443428,4,6.23,Organic,26.51,87.98,4.21,20.265532,85.870649,5,0.71
2024-05-14 05:38:44.443428,2,60.77,Recyclable,39.58,80.04,32.32,20.289952,85.838774,3,0.58
2024-05-14 11:38:44.443428,8,53.91,Recyclable,27.57,62.89,41.77,20.284627,85.803703,2,1.09
2024-05-15 17:38:44.443428,6,65.97,Hazardous,31.65,77.87,4.08,20.338221,85.863611,7,1.81
2024-05-16 00:38:44.443428,19,68.37,Hazardous,26.54,89.4,45.72,20.275335,85.83062,6,1.08
2024-05-16 11:38:44.443428,16,42.54,Organic,33.85,86.22,17.4,20.315332,85.811407,4,0.58
2024-05-16 15:38:44.443428,15,80.49,General,33.72,68.42,4.78,20.259696,85.831891,5,1.76
2024-05-17 00:38:44.443428,16,97.69,Hazardous,39.42,77.86,9.63,20.264126,85.827757,3,1.99
2024-05-17 13:38:44.443428,3,6.16,Organic,28.41,63.27,36.53,20.250654,85.884421,2,0.48
2024-05-18 13:38:44.443428,19,80.15,Organic,38.74,70.11,36.87,20.253748,85.846099,7,0.1
2024-05-19 02:38:44.443428,17,98.08,Recyclable,31.58,73.89,5.89,20.279605,85.878638,2,1.6
2024-05-19 06:38:44.443428,14,39.59,Hazardous,33.66,70.76,8.97,20.327575,85.799341,6,1.88
2024-05-20 09:38:44.443428,18,53.95,Organic,36.7,85.9,45.09,20.321,85.855263,5,0.34
2024-05-20 12:38:44.443428,9,73.38,Organic,38.3,63.75,17.96,20.255476,85.785824,3,0.97
2024-05-20 15:38:44.443428,2,63.36,Hazardous,29.19,70.67,35.05,20.304551,85.826024,6,0.72
2024-05-21 05:38:44.443428,13,17.21,General,38.19,82.49,30.22,20.319727,85.825913,2,0.52
2024-05-21 07:38:44.443428,1,12.86,Recyclable,26.43,82.54,18.05,20.268612,85.826193,6,1.38
2024-05-21 14:38:44.443428,8,58.56,General,38.72,62.75,24.42,20.240548,85.883519,7,1.46
2024-05-21 20:38:44.443428,19,62.56,Recyclable,39.27,71.52,36.77,20.328225,85.819316,6,1.04
2024-05-21 22:38:44.443428,9,21.79,Organic,27.18,62.35,47.91,20.260225,85.816749,5,0.62
2024-05-22 08:38:44.443428,4,81.01,Organic,26.98,76.47,9.17,20.242372,85.870242,6,0.93
2024-05-22 14:38:44.443428,7,0.43,Hazardous,31.44,80.14,13.06,20.313,85.837054,4,0.59
2024-05-22 19:38:44.443428,6,22.01,Organic,39.03,83.3,42.88,20.273477,85.872032,5,0.4
2024-05-23 01:38:44.443428,2,64.14,General,26.4,64.18,10.03,20.319387,85.854405,3,1.65
2024-05-23 05:38:44.443428,13,55.66,General,25.42,83.78,45.82,20.297919,85.881426,6,1.02
2024-05-24 01:38:44.443428,15,31.92,General,33.08,72.17,26.66,20.294511,85.874049,5,1.38
2024-05-25 01:38:44.443428,5,82.68,Organic,30.13,80.22,14.98,20.331901,85.87938,2,1.93
2024-05-25 23:38:44.443428,10,93.38,Hazardous,28.34,69.2,35.25,20.300993,85.793528,3,1.37
2024-05-26 14:38:44.443428,6,40.27,Recyclable,38.57,76.76,43.2,20.336403,85.785781,4,1.74
2024-05-28 00:38:44.443428,12,48.73,Recyclable,34.45,75.62,49.55,20.25383,85.795903,4,0.82
2024-05-28 01:38:44.443428,14,87.93,General,29.26,86.03,22.26,20.272193,85.840134,7,0.78
2024-05-28 02:38:44.443428,18,17.12,General,33.89,80.82,12.63,20.335307,85.809995,6,0.29
2024-05-28 06:38:44.443428,5,93.47,Recyclable,38.56,82.11,44.09,20.285148,85.821896,3,0.43
2024-05-28 15:38:44.443428,18,22.46,Recyclable,37.61,64.85,28.16,20.314414,85.871641,3,0.7
2024-05-29 10:38:44.443428,7,74.04,Organic,28.03,85.4,7.52,20.29286,85.814558,5,0.88
2024-05-30 01:38:44.443428,3,10.87,Hazardous,39.15,68.51,40.97,20.272535,85.878653,2,1.05
2024-05-30 07:38:44.443428,11,26.19,General,33.41,77.98,49.57,20.33788,85.800635,3,1.98
2024-05-30 08:38:44.443428,17,0.04,General,34.35,61.93,43.6,20.284953,85.80972,6,1.1
2024-05-31 09:38:44.443428,5,67.61,General,26.78,76.14,40.15,20.27819,85.842822,4,0.7
2024-05-31 16:38:44.443428,9,22.43,General,28.18,75.97,41.26,20.300922,85.798992,3,1.68
2024-06-01 03:38:44.443428,14,57.51,Hazardous,38.7,81.96,19.82,20.274575,85.827142,1,1.85
2024-06-01 06:38:44.443428,19,6.75,Hazardous,37.59,71.38,4.35,20.306366,85.848192,7,1.51
2024-06-02 13:38:44.443428,12,5.08,Organic,32.39,82.56,5.54,20.270986,85.809716,3,1.8
2024-06-02 22:38:44.443428,13,43.78,Recyclable,31.84,60.59,0.69,20.307322,85.884556,3,0.38
2024-06-02 23:38:44.443428,19,1.09,General,37.62,60.82,22.78,20.287142,85.840511,5,0.11
2024-06-03 04:38:44.443428,15,28.83,Hazardous,26.29,72.92,5.12,20.317591,85.841481,2,0.54
2024-06-04 01:38:44.443428,12,82.65,Organic,32.83,65.92,5.15,20.303628,85.858581,4,0.32
2024-06-04 08:38:44.443428,9,1.75,Organic,37.32,67.98,43.82,20.321517,85.795612,3,1.15
2024-06-04 08:38:44.443428,15,62.05,Hazardous,32.09,79.35,34.89,20.271043,85.804941,5,1.28
2024-06-04 13:38:44.443428,6,53.81,General,37.21,84.78,45.86,20.334547,85.875096,4,0.97
2024-06-04 22:38:44.443428,14,75.64,General,25.81,75.87,19.35,20.24183,85.83433,4,0.88
2024-06-04 22:38:44.443428,16,84.05,General,39.24,65.06,24.07,20.315638,85.793619,4,0.62
2024-06-05 02:38:44.443428,12,4.34,Hazardous,35.93,63.52,22.57,20.300039,85.816694,1,1.26
2024-06-05 06:38:44.443428,12,93.76,Recyclable,31.53,86.36,22.37,20.248491,85.803836,4,0.22
2024-06-05 18:38:44.443428,18,96.87,Recyclable,32.47,87.78,33.17,20.324768,85.826431,4,0.74
2024-06-06 10:38:44.443428,16,53.79,General,30.54,71.58,38.18,20.323115,85.837381,4,0.75
2024-06-07 04:38:44.443428,20,87.22,General,37.81,73.27,27.86,20.295306,85.87471,5,0.47
2024-06-07 11:38:44.443428,15,56.0,Hazardous,25.03,72.7,14.3,20.334995,85.812817,4,0.7
2024-06-08 03:38:44.443428,3,32.7,Organic,29.99,73.3,45.66,20.272684,85.826671,1,1.06
2024-06-09 09:38:44.443428,4,43.67,Organic,33.58,62.48,9.59,20.260189,85.800433,2,0.32
2024-06-09 11:38:44.443428,8,73.63,Organic,26.77,84.94,26.34,20.251477,85.864861,1,1.07
2024-06-09 12:38:44.443428,1,51.51,General,39.57,70.38,42.73,20.29819,85.882701,7,0.33
2024-06-09 13:38:44.443428,11,60.37,Recyclable,39.92,60.94,3.32,20.306814,85.80692,7,1.71
2024-06-09 14:38:44.443428,18,86.75,Recyclable,31.51,66.01,43.72,20.332795,85.810901,3,0.39
2024-06-10 04:38:44.443428,3,14.95,Organic,37.53,66.91,33.21,20.273656,85.876111,3,0.75
2024-06-10 09:38:44.443428,5,91.34,General,25.28,62.84,16.87,20.324052,85.812798,7,1.83
2024-06-11 05:38:44.443428,18,65.37,Recyclable,29.92,79.28,46.84,20.332895,85.826632,1,1.91
2024-06-11 07:38:44.443428,1,32.62,Recyclable,30.42,64.73,23.31,20.245376,85.877717,5,1.24
2024-06-11 14:38:44.443428,2,11.65,Hazardous,33.09,73.72,28.17,20.251048,85.874779,7,0.9
2024-06-11 19:38:44.443428,12,96.0,Hazardous,31.73,73.96,22.59,20.28547,85.820424,1,1.43
2024-06-12 03:38:44.443428,4,46.84,Organic,27.28,70.93,34.96,20.334047,85.80683,5,1.26
2024-06-12 11:38:44.443428,19,69.57,Recyclable,30.42,69.9,1.22,20.322788,85.866319,7,0.53
2024-06-12 13:38:44.443428,13,37.26,Hazardous,36.17,80.64,41.09,20.318188,85.865261,3,1.82
2024-06-12 13:38:44.443428,18,60.52,Hazardous,29.41,86.11,44.26,20.277374,85.854413,3,0.74
2024-06-13 05:38:44.443428,20,17.32,Hazardous,25.13,84.88,12.84,20.326774,85.814502,5,1.77
2024-06-13 23:38:44.443428,19,85.03,General,35.85,84.49,35.87,20.332926,85.854359,2,1.37
2024-06-14 12:38:44.443428,2,84.31,Organic,30.91,88.79,7.7,20.298248,85.794909,7,1.2
2024-06-14 14:38:44.443428,1,23.46,Hazardous,35.07,69.73,40.73,20.32482,85.821853,1,1.85
2024-06-14 15:38:44.443428,2,56.36,Organic,33.01,61.62,43.43,20.271501,85.861469,6,1.55
2024-06-14 16:38:44.443428,7,87.12,Organic,26.27,83.83,18.89,20.304745,85.831701,4,1.76
2024-06-15 05:38:44.443428,20,76.29,General,25.72,63.89,38.3,20.317727,85.86384,5,0.68
2024-06-15 17:38:44.443428,19,73.28,General,26.38,79.79,10.69,20.257567,85.795764,1,1.91
2024-06-16 08:38:44.443428,14,28.76,Organic,32.98,75.23,46.62,20.250198,85.843053,5,1.99
2024-06-16 19:38:44.443428,1,85.35,Hazardous,36.41,65.38,39.21,20.27204,85.836667,3,0.41
2024-06-16 19:38:44.443428,11,47.37,Hazardous,35.57,78.57,39.99,20.244493,85.798273,2,1.02
2024-06-17 08:38:44.443428,12,50.12,Organic,29.23,75.82,35.13,20.250132,85.798985,1,0.58
2024-06-17 17:38:44.443428,19,53.89,General,28.34,76.78,12.4,20.287268,85.869304,2,0.58
2024-06-18 04:38:44.443428,9,30.14,General,35.38,62.31,10.42,20.311972,85.811657,1,1.91
2024-06-18 04:38:44.443428,19,9.03,Organic,25.51,78.82,2.22,20.285764,85.786169,5,1.1
2024-06-18 08:38:44.443428,7,61.12,Hazardous,38.59,73.98,22.62,20.275076,85.864718,7,1.43
2024-06-19 02:38:44.443428,1,11.88,Recyclable,33.93,66.96,49.13,20.335001,85.795613,1,1.4
2024-06-19 08:38:44.443428,17,70.49,Recyclable,36.11,77.16,41.07,20.245207,85.818048,4,1.07
2024-06-19 10:38:44.443428,16,43.21,General,31.87,69.39,25.31,20.247099,85.835233,7,0.86
2024-06-19 16:38:44.443428,11,68.84,Recyclable,35.73,75.75,37.7,20.259849,85.856786,3,1.93
2024-06-20 06:38:44.443428,4,39.96,Recyclable,38.68,64.17,37.9,20.319873,85.867314,6,0.57
2024-06-20 07:38:44.443428,19,39.94,Organic,38.18,76.89,32.46,20.264264,85.882339,7,1.28
2024-06-20 17:38:44.443428,13,22.36,Organic,28.51,70.9,25.39,20.339028,85.819931,7,1.47
2024-06-22 04:38:44.443428,18,35.24,General,35.69,73.65,13.35,20.310546,85.847896,5,0.86
2024-06-22 19:38:44.443428,17,21.18,Hazardous,37.83,83.35,39.89,20.25496,85.796167,6,1.72
2024-06-23 02:38:44.443428,8,50.25,Organic,30.49,61.53,16.44,20.281345,85.85912,4,0.95
2024-06-23 06:38:44.443428,9,74.51,Hazardous,35.66,73.97,15.58,20.299613,85.793421,5,1.49
2024-06-23 14:38:44.443428,13,36.3,General,25.06,77.35,26.05,20.335251,85.884209,7,0.72
2024-06-24 19:38:44.443428,8,83.76,Hazardous,37.74,76.01,44.92,20.243714,85.795912,5,1.59
2024-06-25 14:38:44.443428,10,79.93,Recyclable,39.39,62.69,23.4,20.273429,85.835963,4,1.53
2024-06-25 23:38:44.443428,18,33.83,Recyclable,37.76,60.9,17.59,20.28674,85.843822,5,0.94
2024-06-26 01:38:44.443428,7,27.02,Hazardous,34.36,83.76,0.15,20.339095,85.878563,6,1.36
2024-06-26 01:38:44.443428,6,6.95,General,35.48,83.03,24.95,20.294452,85.788853,6,1.01
2024-06-26 14:38:44.443428,16,22.85,Organic,32.56,84.9,42.83,20.295207,85.848242,2,1.11
2024-06-27 02:38:44.443428,1,58.62,Recyclable,29.34,83.85,33.49,20.24841,85.837466,5,1.18
2024-06-27 04:38:44.443428,18,84.49,Organic,25.07,61.94,13.49,20.336877,85.854693,4,0.48
2024-06-27 05:38:44.443428,18,94.6,General,35.22,77.56,9.32,20.256725,85.831013,7,1.19
2024-06-28 08:38:44.443428,5,2.99,Recyclable,36.24,62.39,14.99,20.281358,85.875972,4,1.56
2024-06-28 14:38:44.443428,11,6.67,Recyclable,31.03,64.76,17.65,20.322196,85.844215,5,1.89
2024-06-28 22:38:44.443428,8,93.34,Organic,36.34,73.72,3.08,20.249805,85.883253,4,1.41
2024-06-28 22:38:44.443428,15,56.66,Organic,27.05,67.56,48.42,20.286682,85.801313,3,0.58
2024-06-28 22:38:44.443428,17,97.31,General,31.29,82.15,42.87,20.286497,85.82742,3,0.48
2024-06-29 00:38:44.443428,8,96.86,Recyclable,26.59,79.84,33.18,20.311704,85.873995,2,0.87
2024-06-29 08:38:44.443428,16,32.0,Organic,26.93,67.86,41.32,20.244686,85.826171,3,0.47
2024-06-30 01:38:44.443428,20,76.71,Hazardous,36.26,72.6,21.77,20.311576,85.799002,3,1.61
2024-06-30 22:38:44.443428,13,77.66,General,25.47,76.61,10.13,20.329139,85.8436,7,0.49
2024-06-30 23:38:44.443428,18,98.35,General,27.58,69.53,27.59,20.3389,85.868779,6,1.06
2024-07-01 01:38:44.443428,17,50.6,Organic,38.98,79.11,43.4,20.306288,85.795184,4,1.25
2024-07-01 14:38:44.443428,13,1.48,Hazardous,32.84,87.99,38.3,20.268707,85.851815,7,1.69
2024-07-01 17:38:44.443428,8,57.21,Organic,26.51,74.83,39.52,20.318028,85.846714,2,0.97
2024-07-02 04:38:44.443428,16,82.44,General,33.05,72.86,44.98,20.289535,85.813286,6,0.81
2024-07-02 04:38:44.443428,6,88.1,Hazardous,39.74,84.81,35.44,20.280784,85.809887,5,0.81
2024-07-02 14:38:44.443428,15,42.04,Hazardous,37.49,84.15,38.58,20.280498,85.872029,7,1.71
2024-07-03 13:38:44.443428,1,36.25,Hazardous,25.61,64.16,40.38,20.287124,85.830972,2,1.17
2024-07-04 07:38:44.443428,5,65.76,Hazardous,34.87,65.21,21.83,20.257244,85.860369,1,1.55
2024-07-05 04:38:44.443428,8,77.01,Hazardous,32.13,75.58,24.3,20.332721,85.84337,6,1.1
2024-07-05 09:38:44.443428,7,3.79,Recyclable,32.23,83.9,5.48,20.322954,85.875656,2,0.51
2024-07-05 13:38:44.443428,18,39.54,Organic,31.27,77.02,33.39,20.240708,85.857146,3,1.85
2024-07-05 14:38:44.443428,9,89.6,Hazardous,29.28,62.63,24.19,20.279583,85.865711,3,0.66
2024-07-05 14:38:44.443428,11,40.92,General,31.87,88.54,29.24,20.338428,85.884368,4,1.07
2024-07-06 02:38:44.443428,9,14.7,Organic,33.17,74.08,22.68,20.261919,85.786781,6,0.99
2024-07-06 06:38:44.443428,13,2.84,Organic,26.16,60.19,44.43,20.288877,85.826203,3,0.68
2024-07-06 15:38:44.443428,7,53.81,Hazardous,29.62,73.56,10.18,20.254983,85.884057,3,0.38
2024-07-07 16:38:44.443428,9,59.08,Hazardous,35.59,78.22,41.35,20.279127,85.8165,2,1.85
2024-07-07 18:38:44.443428,4,13.83,General,34.78,82.44,33.49,20.314058,85.878387,4,1.72
2024-07-07 23:38:44.443428,5,62.77,General,33.32,81.64,6.36,20.334355,85.818538,7,0.18
2024-07-08 04:38:44.443428,6,13.18,Organic,37.59,81.24,1.46,20.242343,85.874947,2,1.83
2024-07-08 05:38:44.443428,10,74.64,General,37.75,64.94,26.83,20.258216,85.840883,4,0.36
2024-07-08 08:38:44.443428,17,77.17,General,31.92,61.9,8.94,20.312586,85.843716,3,1.3
2024-07-08 10:38:44.443428,13,77.35,Hazardous,30.15,68.93,7.44,20.304663,85.798709,6,0.13
2024-07-09 12:38:44.443428,13,91.16,General,36.64,75.97,18.17,20.336784,85.831364,1,0.7
2024-07-09 19:38:44.443428,20,25.13,Hazardous,26.38,81.83,43.91,20.294942,85.855585,4,0.5
2024-07-09 21:38:44.443428,8,37.34,Recyclable,33.62,60.36,49.5,20.32418,85.872254,3,0.56
2024-07-10 02:38:44.443428,6,68.96,General,27.48,72.67,4.04,20.320578,85.838019,4,0.35
2024-07-10 15:38:44.443428,14,93.22,Organic,33.0,62.53,0.89,20.241639,85.800797,2,0.21
2024-07-11 11:38:44.443428,12,64.49,Recyclable,26.8,80.98,2.95,20.297939,85.849244,3,1.14
2024-07-12 05:38:44.443428,3,60.85,General,32.91,86.49,14.67,20.293878,85.873091,2,1.02
2024-07-12 11:38:44.443428,7,68.64,Recyclable,32.2,88.61,25.48,20.33735,85.840087,2,1.5
2024-07-14 10:38:44.443428,13,86.64,General,27.78,77.01,48.43,20.325625,85.873868,7,0.16
2024-07-14 17:38:44.443428,11,51.55,Recyclable,36.32,60.32,4.48,20.316577,85.798043,1,1.78
2024-07-16 01:38:44.443428,15,81.22,Hazardous,26.37,63.11,10.14,20.256339,85.834615,6,1.96
2024-07-16 13:38:44.443428,18,71.38,Hazardous,35.95,81.13,31.7,20.296042,85.878914,1,1.3
2024-07-16 15:38:44.443428,14,9.27,Hazardous,37.12,76.07,11.7,20.30867,85.786271,5,1.97
2024-07-16 20:38:44.443428,2,78.8,General,29.82,62.54,43.11,20.26326,85.864399,1,1.26
2024-07-17 09:38:44.443428,10,58.65,Hazardous,37.75,61.61,39.7,20.325058,85.843145,2,0.67
2024-07-17 18:38:44.443428,4,88.84,Organic,38.13,78.09,0.68,20.337143,85.836089,3,0.68
2024-07-18 04:38:44.443428,7,12.42,Hazardous,38.09,87.91,11.87,20.338771,85.825307,4,1.07
2024-07-18 05:38:44.443428,18,81.91,Hazardous,25.51,79.61,1.48,20.254918,85.881241,4,0.85
2024-07-19 04:38:44.443428,1,64.4,General,27.58,80.59,21.94,20.314735,85.837741,7,1.44
2024-07-19 07:38:44.443428,10,78.51,Recyclable,28.81,76.13,27.06,20.296077,85.861501,2,0.67
2024-07-19 07:38:44.443428,13,22.11,Recyclable,38.28,62.09,3.42,20.274869,85.868897,4,1.83
2024-07-19 08:38:44.443428,8,62.4,Recyclable,30.71,63.44,45.58,20.260507,85.864189,1,0.11
2024-07-19 13:38:44.443428,1,45.91,Recyclable,30.14,84.55,39.53,20.32318,85.822305,7,1.97
2024-07-20 02:38:44.443428,17,30.85,Organic,29.61,88.51,33.92,20.270877,85.871674,3,0.52
2024-07-20 13:38:44.443428,14,59.99,Recyclable,26.44,62.58,33.41,20.282878,85.820166,3,1.17
2024-07-20 21:38:44.443428,11,87.86,Organic,26.57,65.66,11.75,20.26485,85.879277,3,1.48
2024-07-21 08:38:44.443428,18,64.0,Recyclable,38.77,81.59,14.32,20.330396,85.879874,3,0.91
2024-07-21 11:38:44.443428,18,26.12,Recyclable,28.24,60.33,14.43,20.266016,85.876,5,1.83
2024-07-21 18:38:44.443428,17,0.44,Organic,27.01,68.13,32.6,20.31043,85.814551,7,0.53
2024-07-22 05:38:44.443428,16,75.59,General,38.68,78.98,28.68,20.324924,85.795355,3,1.09
2024-07-22 19:38:44.443428,17,66.29,Organic,39.78,60.8,29.93,20.259475,85.865962,5,0.83
2024-07-23 03:38:44.443428,18,39.86,Recyclable,30.23,82.78,12.13,20.308534,85.811188,4,0.6
2024-07-23 05:38:44.443428,7,56.86,Hazardous,29.27,88.52,14.64,20.31115,85.804144,6,1.8
2024-07-23 07:38:44.443428,8,96.58,Recyclable,27.68,75.86,11.76,20.321822,85.83621,7,1.54
2024-07-24 05:38:44.443428,10,97.94,Hazardous,29.62,66.48,16.69,20.304784,85.846467,6,1.63
2024-07-24 07:38:44.443428,9,55.98,Hazardous,37.85,85.12,17.25,20.242646,85.8379,5,0.22
2024-07-25 04:38:44.443428,14,84.3,General,31.71,86.52,45.57,20.313014,85.872579,1,0.36
2024-07-25 22:38:44.443428,5,59.09,Organic,33.61,79.16,41.37,20.281515,85.843362,3,1.03
2024-07-26 14:38:44.443428,1,46.5,General,34.4,88.14,10.72,20.30814,85.84864,1,1.62
2024-07-26 17:38:44.443428,10,81.17,Organic,37.63,76.84,49.32,20.277559,85.864925,6,0.86
2024-07-26 19:38:44.443428,4,69.32,General,27.02,73.71,39.73,20.309597,85.8062,7,1.26
2024-07-27 02:38:44.443428,13,28.24,Hazardous,30.68,74.31,39.84,20.319641,85.819485,3,1.12
2024-07-27 05:38:44.443428,3,63.01,Hazardous,37.43,77.91,28.71,20.339114,85.846459,5,1.43
2024-07-27 14:38:44.443428,6,30.74,General,31.5,85.75,49.54,20.28963,85.790778,6,0.79
2024-07-27 16:38:44.443428,12,25.14,Organic,27.76,72.69,34.64,20.260961,85.801737,2,0.95
2024-07-28 03:38:44.443428,7,74.15,Hazardous,37.13,60.14,16.38,20.243524,85.856388,2,1.53
2024-07-28 13:38:44.443428,7,20.76,Hazardous,34.4,72.59,40.26,20.272867,85.804634,7,1.08
2024-07-28 13:38:44.443428,3,54.59,Hazardous,36.23,60.36,18.3,20.302351,85.811238,4,1.52
2024-07-28 19:38:44.443428,11,9.76,General,37.78,80.74,29.0,20.245572,85.805679,7,0.82
2024-07-29 15:38:44.443428,7,52.94,Organic,38.29,69.56,27.69,20.309169,85.884871,1,0.32
2024-07-30 00:38:44.443428,2,3.19,Recyclable,26.33,67.23,22.24,20.285688,85.873328,4,1.06
2024-07-30 01:38:44.443428,5,78.76,Hazardous,28.85,61.36,17.04,20.285959,85.798326,1,0.9
2024-07-30 12:38:44.443428,15,51.74,Hazardous,31.93,80.95,20.82,20.33862,85.821292,7,0.94
2024-07-30 14:38:44.443428,19,63.95,Organic,28.51,85.77,23.26,20.248225,85.821174,5,1.27
2024-07-31 13:38:44.443428,1,4.67,General,29.99,86.13,43.37,20.267999,85.880246,2,1.08
2024-07-31 17:38:44.443428,17,93.4,Organic,38.5,61.89,30.52,20.268331,85.869533,5,1.48
2024-07-31 21:38:44.443428,8,1.24,Organic,25.61,77.23,33.53,20.312095,85.815389,4,0.15
2024-07-31 23:38:44.443428,12,49.02,Hazardous,38.37,72.57,36.14,20.256941,85.799751,2,0.32
2024-08-01 08:38:44.443428,20,2.68,Organic,36.68,76.91,37.1,20.301667,85.787497,2,1.64
2024-08-01 15:38:44.443428,3,45.08,Recyclable,25.03,83.72,46.51,20.338067,85.844684,6,0.45
2024-08-01 22:38:44.443428,9,86.61,Organic,33.08,81.2,10.72,20.252174,85.829095,3,1.83
2024-08-02 18:38:44.443428,19,37.76,Hazardous,36.63,71.46,11.18,20.300885,85.806377,2,1.52
2024-08-02 18:38:44.443428,10,90.98,Hazardous,32.43,75.07,16.81,20.318736,85.818057,7,1.87
2024-08-03 04:38:44.443428,8,98.77,General,28.14,69.88,18.86,20.323377,85.87808,1,0.33
2024-08-03 05:38:44.443428,20,29.61,Organic,29.51,74.89,48.46,20.268334,85.786688,2,0.13
2024-08-03 23:38:44.443428,13,72.79,Hazardous,30.21,81.66,13.29,20.240551,85.804257,6,0.89
2024-08-04 17:38:44.443428,19,82.53,General,34.31,67.6,42.73,20.258551,85.835537,6,0.2
2024-08-05 05:38:44.443428,5,83.58,Recyclable,34.92,76.99,45.79,20.333542,85.80336,4,0.91
2024-08-05 22:38:44.443428,13,55.13,General,37.22,82.83,35.57,20.241173,85.785637,2,1.67
2024-08-05 23:38:44.443428,7,75.03,Hazardous,37.19,60.48,21.63,20.247606,85.822901,3,0.28
2024-08-06 05:38:44.443428,10,83.31,General,35.13,77.33,14.22,20.311093,85.853157,7,0.4
2024-08-06 08:38:44.443428,10,87.38,Hazardous,32.78,77.82,7.19,20.278929,85.859694,1,1.81
2024-08-06 13:38:44.443428,4,51.52,Hazardous,34.67,81.39,33.38,20.250483,85.790031,2,0.65
2024-08-06 15:38:44.443428,11,89.74,Recyclable,31.76,78.03,6.43,20.263125,85.876319,7,1.79
2024-08-07 03:38:44.443428,17,50.88,General,37.55,69.2,47.93,20.254329,85.833849,2,1.87
2024-08-08 02:38:44.443428,9,21.51,Hazardous,30.04,78.07,25.91,20.275434,85.828633,3,0.28
2024-08-08 13:38:44.443428,3,98.49,General,31.57,61.04,13.63,20.295739,85.789089,3,0.57
2024-08-08 15:38:44.443428,5,13.28,General,25.72,83.44,47.89,20.258202,85.804756,1,1.96
2024-08-08 16:38:44.443428,1,70.82,Recyclable,39.35,77.18,11.59,20.300526,85.790823,6,0.43
2024-08-08 17:38:44.443428,11,50.27,General,30.77,85.98,13.68,20.30332,85.878851,6,0.62
2024-08-09 16:38:44.443428,8,88.15,Hazardous,31.21,85.55,9.21,20.310777,85.836584,3,1.72
2024-08-09 20:38:44.443428,4,4.06,Organic,36.04,86.87,37.54,20.302566,85.808238,5,1.41
2024-08-09 23:38:44.443428,9,22.37,Recyclable,28.74,60.66,44.61,20.320731,85.871181,5,0.97
2024-08-10 01:38:44.443428,7,80.65,Organic,27.48,61.4,12.62,20.312363,85.848287,1,1.31
2024-08-10 03:38:44.443428,15,98.28,Organic,31.49,69.96,10.93,20.289557,85.804838,2,0.86
2024-08-10 03:38:44.443428,6,99.56,Organic,38.89,83.04,3.3,20.318527,85.840474,4,1.48
2024-08-10 07:38:44.443428,6,10.33,Recyclable,39.92,87.16,28.52,20.304316,85.864864,4,1.6
2024-08-10 09:38:44.443428,4,95.3,Recyclable,27.3,79.21,44.36,20.246955,85.812225,4,0.33
2024-08-10 16:38:44.443428,2,86.9,Recyclable,35.59,62.26,21.41,20.298027,85.83193,2,1.82
2024-08-10 20:38:44.443428,14,61.87,Hazardous,32.81,73.4,47.86,20.273757,85.790986,4,1.0
2024-08-11 19:38:44.443428,5,70.88,Hazardous,30.81,89.82,32.47,20.333981,85.792525,2,1.31
2024-08-11 23:38:44.443428,6,51.47,Recyclable,28.04,89.45,38.29,20.292348,85.829886,7,1.46
2024-08-12 20:38:44.443428,7,57.27,Organic,32.47,88.35,27.11,20.298586,85.8464,2,1.67
2024-08-12 23:38:44.443428,12,18.93,Hazardous,33.31,60.76,36.86,20.333659,85.81279,6,1.72
2024-08-14 00:38:44.443428,14,50.2,Recyclable,39.04,86.5,6.94,20.337211,85.790034,1,0.19
2024-08-14 02:38:44.443428,15,25.54,General,33.07,83.67,5.17,20.24794,85.840038,2,0.75
2024-08-14 03:38:44.443428,19,17.34,Organic,38.22,63.03,40.02,20.253739,85.814915,3,0.72
2024-08-14 18:38:44.443428,18,38.44,General,33.35,60.08,33.22,20.244723,85.865772,4,1.81
2024-08-14 19:38:44.443428,5,55.84,General,36.84,64.06,5.57,20.32278,85.82075,2,1.83
2024-08-14 20:38:44.443428,1,39.41,Recyclable,35.24,61.73,7.59,20.275108,85.801481,3,1.47
2024-08-15 00:38:44.443428,10,55.4,Organic,38.28,76.7,13.97,20.323513,85.820156,2,1.87
2024-08-15 03:38:44.443428,6,23.0,Recyclable,30.24,63.38,40.46,20.263228,85.797592,5,0.83
2024-08-16 10:38:44.443428,4,25.07,General,30.15,85.71,19.37,20.32817,85.800738,4,0.17
2024-08-16 14:38:44.443428,2,89.42,Hazardous,38.9,84.26,24.29,20.265528,85.849259,4,0.57
2024-08-16 14:38:44.443428,11,10.41,Organic,26.17,79.36,28.97,20.24202,85.865948,4,0.86
2024-08-16 14:38:44.443428,13,22.06,Recyclable,27.34,67.25,34.57,20.302869,85.879171,7,1.24
2024-08-16 15:38:44.443428,11,4.08,General,30.81,66.84,41.6,20.307254,85.839488,2,1.77
2024-08-17 13:38:44.443428,17,19.08,General,38.76,71.27,48.08,20.31884,85.884664,6,0.86
2024-08-18 00:38:44.443428,8,44.67,General,35.03,69.96,11.98,20.323952,85.808883,3,1.59
2024-08-18 22:38:44.443428,1,93.87,Hazardous,38.85,69.28,45.97,20.255954,85.817403,4,0.31
2024-08-20 03:38:44.443428,7,38.4,Organic,28.82,73.03,2.65,20.2509,85.819192,3,0.16
2024-08-20 04:38:44.443428,5,62.11,Recyclable,30.18,82.24,48.17,20.288927,85.864829,7,1.8
2024-08-20 07:38:44.443428,18,22.47,Hazardous,27.11,73.31,22.53,20.322684,85.808234,4,0.38
2024-08-20 09:38:44.443428,1,11.62,Recyclable,27.65,65.03,47.42,20.320419,85.831702,4,1.48
2024-08-20 11:38:44.443428,13,72.56,General,25.1,77.21,0.43,20.260004,85.790293,5,1.43
2024-08-20 17:38:44.443428,3,36.85,Organic,39.66,72.12,47.0,20.336187,85.787327,1,1.27
2024-08-21 11:38:44.443428,12,74.96,Organic,29.54,62.08,35.09,20.331229,85.849836,7,0.39
2024-08-21 23:38:44.443428,16,45.16,Hazardous,37.36,73.4,36.24,20.277706,85.870427,7,1.73
2024-08-22 01:38:44.443428,18,94.67,Organic,28.47,76.02,43.17,20.301231,85.873313,3,1.84
2024-08-22 02:38:44.443428,20,19.5,Hazardous,34.09,71.04,26.31,20.294629,85.867162,3,0.87
2024-08-23 20:38:44.443428,11,68.74,Organic,27.2,67.74,1.16,20.333423,85.805717,5,0.72
2024-08-24 00:38:44.443428,18,84.07,Hazardous,36.17,63.98,11.34,20.284404,85.796324,5,1.02
2024-08-24 09:38:44.443428,6,87.03,Organic,39.28,85.29,43.41,20.252692,85.822722,4,0.75
2024-08-24 15:38:44.443428,19,96.98,Recyclable,34.59,63.37,47.68,20.305537,85.838559,7,1.75
2024-08-24 18:38:44.443428,18,32.09,General,35.95,67.82,44.8,20.242311,85.880512,5,0.88
2024-08-25 06:38:44.443428,2,71.8,Organic,31.98,61.93,31.28,20.294339,85.830533,7,0.9
2024-08-25 09:38:44.443428,13,14.49,Hazardous,29.23,80.5,43.73,20.294261,85.826926,5,0.3
2024-08-26 23:38:44.443428,11,61.25,General,34.23,84.87,40.21,20.286705,85.851592,1,1.8
2024-08-27 03:38:44.443428,20,66.44,General,27.86,76.85,43.25,20.32323,85.790951,6,0.93
2024-08-27 06:38:44.443428,5,6.47,Recyclable,38.62,70.35,44.28,20.324093,85.866577,4,1.65
2024-08-27 09:38:44.443428,5,78.65,Recyclable,39.27,80.87,12.19,20.317736,85.818668,6,0.93
2024-08-28 01:38:44.443428,20,36.13,Hazardous,29.05,82.16,7.2,20.254065,85.819596,4,1.62
2024-08-28 12:38:44.443428,11,79.21,Recyclable,27.15,83.59,33.09,20.296891,85.845676,3,1.44
2024-08-28 22:38:44.443428,16,42.68,Hazardous,29.61,82.19,19.86,20.25474,85.847966,2,1.15
2024-08-29 01:38:44.443428,16,54.48,Organic,37.83,73.12,33.62,20.292568,85.845114,6,0.98
2024-08-29 15:38:44.443428,9,22.24,General,30.78,61.72,10.18,20.281672,85.884254,1,0.43
2024-08-29 19:38:44.443428,18,96.48,Hazardous,27.96,79.15,16.54,20.301145,85.842303,5,0.54
2024-08-29 20:38:44.443428,6,9.47,Organic,36.35,79.3,14.72,20.266222,85.848351,1,0.68
2024-08-29 22:38:44.443428,12,68.46,Organic,31.96,83.69,17.89,20.284705,85.837868,6,1.71
2024-08-30 11:38:44.443428,20,92.6,General,28.65,81.5,20.81,20.250899,85.796377,7,1.74
2024-08-30 21:38:44.443428,7,1.59,Organic,30.25,70.2,14.98,20.246266,85.799977,1,0.33
2024-08-30 23:38:44.443428,13,35.71,Hazardous,27.44,64.55,25.15,20.264204,85.868345,3,0.25
2024-08-31 20:38:44.443428,4,4.05,Organic,25.66,88.13,8.41,20.249573,85.864352,5,0.57
2024-08-31 22:38:44.443428,16,44.88,Recyclable,29.14,61.7,16.29,20.262541,85.882873,2,1.04
2024-08-31 23:38:44.443428,16,17.24,Recyclable,26.77,77.43,38.76,20.24752,85.78915,4,1.14
2024-09-01 18:38:44.443428,12,49.42,Hazardous,27.2,76.44,49.46,20.247239,85.863183,6,1.65
2024-09-02 04:38:44.443428,12,74.04,Hazardous,38.58,68.58,9.12,20.260364,85.875287,2,1.35
2024-09-02 07:38:44.443428,4,91.01,Organic,31.24,86.95,1.06,20.24497,85.808455,3,1.69
2024-09-02 15:38:44.443428,10,12.56,Recyclable,28.71,64.53,33.5,20.303384,85.850021,3,0.52
2024-09-02 16:38:44.443428,16,34.79,General,30.91,89.5,48.19,20.26676,85.860929,7,1.35
2024-09-02 16:38:44.443428,8,26.1,Recyclable,36.05,84.2,49.79,20.279507,85.844989,5,1.71
2024-09-02 19:38:44.443428,10,11.32,General,27.25,61.03,16.63,20.276383,85.792115,1,0.87
2024-09-03 01:38:44.443428,7,2.98,Hazardous,31.58,71.02,11.57,20.28719,85.808121,3,1.34
2024-09-03 12:38:44.443428,9,71.22,Hazardous,34.18,87.44,48.43,20.30672,85.853895,5,1.85
2024-09-03 17:38:44.443428,14,33.79,General,29.31,84.55,34.16,20.309845,85.859955,6,1.57
2024-09-04 02:38:44.443428,19,42.56,Organic,36.18,77.62,39.17,20.29946,85.845639,2,0.87
2024-09-04 21:38:44.443428,3,15.22,Hazardous,37.18,62.06,3.69,20.308921,85.823801,5,0.22
2024-09-06 05:38:44.443428,19,70.95,Recyclable,27.96,80.71,28.96,20.288165,85.864631,5,1.02
2024-09-06 05:38:44.443428,11,66.95,General,26.5,62.88,14.32,20.260596,85.837354,3,0.57
2024-09-07 12:38:44.443428,17,9.72,Organic,32.22,87.63,3.53,20.279884,85.791319,4,0.33
2024-09-08 04:38:44.443428,14,57.11,General,38.49,89.23,36.57,20.332529,85.788548,7,1.26
2024-09-08 05:38:44.443428,16,33.14,General,34.54,77.04,14.83,20.2599,85.787353,5,1.04
2024-09-08 16:38:44.443428,1,80.31,General,39.59,89.08,43.82,20.256888,85.873606,4,0.21
2024-09-09 00:38:44.443428,3,32.18,Recyclable,33.19,79.83,6.56,20.270434,85.831726,5,1.39
2024-09-09 11:38:44.443428,13,59.46,Organic,36.86,83.47,6.71,20.265736,85.815388,6,1.15
2024-09-09 18:38:44.443428,12,18.79,Organic,25.64,84.25,7.78,20.241538,85.812072,1,1.64
2024-09-10 13:38:44.443428,14,21.02,General,28.82,70.87,24.93,20.245352,85.864084,3,1.76
2024-09-10 14:38:44.443428,5,55.24,General,30.92,77.57,0.77,20.259204,85.876854,5,0.35
2024-09-10 17:38:44.443428,19,36.52,General,35.15,62.17,43.68,20.319909,85.874837,2,0.38
2024-09-12 19:38:44.443428,20,33.5,Organic,28.09,85.79,13.83,20.259692,85.82628,4,0.79
2024-09-13 05:38:44.443428,9,57.76,Hazardous,35.65,72.92,24.59,20.261318,85.862973,4,0.65
2024-09-13 11:38:44.443428,14,27.42,Hazardous,25.39,62.96,34.02,20.324919,85.789851,3,1.13
2024-09-13 13:38:44.443428,2,43.45,Organic,36.63,66.5,16.29,20.330692,85.817558,2,1.88
2024-09-13 13:38:44.443428,18,80.19,Organic,31.89,62.13,25.36,20.285194,85.860069,6,1.6
2024-09-13 16:38:44.443428,1,81.5,General,30.27,80.27,9.99,20.277397,85.79955,3,0.56
2024-09-13 22:38:44.443428,5,98.99,General,26.68,75.79,45.58,20.323965,85.815216,2,0.54
2024-09-14 07:38:44.443428,14,41.64,General,29.01,79.41,14.82,20.270297,85.883472,6,0.8
2024-09-15 00:38:44.443428,13,19.34,Hazardous,31.17,71.3,29.94,20.316125,85.802162,7,1.79
2024-09-15 09:38:44.443428,6,45.09,Hazardous,25.51,74.36,49.98,20.248631,85.812875,2,1.87
2024-09-15 12:38:44.443428,19,52.15,Hazardous,26.54,69.62,32.01,20.321825,85.880238,6,0.34
2024-09-15 17:38:44.443428,17,69.06,Organic,37.16,65.64,39.6,20.288424,85.853332,3,1.44
2024-09-15 19:38:44.443428,9,52.21,General,36.53,82.55,41.67,20.320539,85.848583,4,0.58
2024-09-15 21:38:44.443428,19,90.46,General,27.72,60.93,33.84,20.325462,85.827916,4,0.15
2024-09-16 03:38:44.443428,1,81.17,General,25.74,87.01,6.37,20.307967,85.852335,5,1.38
2024-09-16 21:38:44.443428,4,8.87,Recyclable,36.78,65.71,13.47,20.320462,85.852369,7,0.24
2024-09-17 05:38:44.443428,7,62.96,Hazardous,29.15,61.8,26.1,20.267931,85.861976,4,1.45
2024-09-17 15:38:44.443428,20,93.64,Hazardous,31.48,77.23,48.24,20.298128,85.803979,3,0.88
2024-09-17 18:38:44.443428,2,19.94,General,27.86,84.48,6.21,20.260496,85.850366,1,1.62
2024-09-17 19:38:44.443428,17,53.99,Hazardous,33.77,83.41,35.18,20.309651,85.811204,1,0.13
2024-09-18 06:38:44.443428,3,42.44,General,35.46,88.45,10.47,20.246018,85.788004,7,0.52
2024-09-18 17:38:44.443428,19,41.93,Organic,30.21,76.17,29.13,20.2588,85.8533,2,1.02
2024-09-18 20:38:44.443428,10,65.5,Organic,31.38,60.12,33.07,20.294919,85.860009,6,0.33
2024-09-19 08:38:44.443428,13,41.84,Hazardous,36.98,64.54,49.7,20.288235,85.792764,5,0.34
2024-09-20 05:38:44.443428,14,41.85,Hazardous,27.47,83.84,4.18,20.326376,85.877949,5,1.84
2024-09-20 21:38:44.443428,19,1.54,Organic,29.16,60.67,47.12,20.271027,85.845425,2,0.55
2024-09-21 12:38:44.443428,17,56.45,General,36.99,83.29,44.73,20.26621,85.853039,5,0.69
2024-09-21 18:38:44.443428,18,18.93,Organic,29.08,77.1,35.48,20.329631,85.853933,2,0.72
2024-09-22 14:38:44.443428,13,13.58,Organic,34.7,84.25,30.27,20.318631,85.854282,2,1.89
2024-09-22 21:38:44.443428,1,84.23,Organic,33.49,73.51,27.04,20.329273,85.809701,6,1.05
2024-09-22 22:38:44.443428,3,63.12,Hazardous,26.18,64.59,15.49,20.2509,85.866888,3,1.46
2024-09-23 19:38:44.443428,2,62.37,Recyclable,32.23,72.86,49.79,20.248974,85.825781,7,1.96
2024-09-24 03:38:44.443428,4,96.49,Recyclable,32.85,82.3,33.58,20.292783,85.858791,5,1.38
2024-09-24 05:38:44.443428,20,73.54,Hazardous,29.12,87.68,48.56,20.253223,85.862832,2,1.61
2024-09-25 09:38:44.443428,1,76.72,Hazardous,34.86,62.07,46.22,20.319279,85.827956,4,0.46
2024-09-25 11:38:44.443428,15,57.21,Organic,39.43,80.6,39.31,20.284875,85.873148,1,0.3
2024-09-25 14:38:44.443428,8,90.88,Recyclable,37.05,64.49,10.59,20.300542,85.800156,2,0.25
2024-09-26 16:38:44.443428,2,50.97,Hazardous,32.68,82.9,22.48,20.322728,85.807932,1,1.66
2024-09-26 19:38:44.443428,17,44.65,General,28.23,86.66,25.61,20.263065,85.838265,1,0.64
2024-09-26 20:38:44.443428,5,29.31,Recyclable,36.89,89.27,19.44,20.31316,85.844747,4,0.87
2024-09-26 23:38:44.443428,17,54.88,Recyclable,26.11,86.77,13.73,20.338013,85.804993,6,0.59
2024-09-27 05:38:44.443428,14,25.15,Organic,31.1,60.74,42.26,20.267462,85.843751,5,0.43
2024-09-27 10:38:44.443428,11,88.68,Recyclable,36.69,73.45,0.63,20.26284,85.807841,1,1.29
2024-09-27 18:38:44.443428,7,65.17,General,37.5,77.76,48.66,20.333171,85.802558,5,1.13
2024-09-28 03:38:44.443428,7,70.94,Recyclable,29.99,76.64,23.98,20.32457,85.805556,1,1.12
2024-09-28 05:38:44.443428,17,88.93,General,35.11,78.22,23.42,20.245053,85.848543,1,0.76
2024-09-28 06:38:44.443428,14,38.37,Organic,35.23,69.54,5.46,20.265693,85.804056,1,1.04
2024-09-29 03:38:44.443428,13,38.31,Organic,37.43,68.09,2.98,20.3167,85.792722,6,1.57
2024-09-29 16:38:44.443428,9,25.07,General,39.08,64.26,21.68,20.296585,85.7912,4,1.8
2024-09-30 07:38:44.443428,18,76.98,Hazardous,35.35,79.31,34.9,20.284683,85.788223,2,0.34
2024-09-30 08:38:44.443428,5,29.45,General,37.46,62.99,26.58,20.26737,85.826213,5,1.33
2024-09-30 10:38:44.443428,2,40.52,Hazardous,35.96,82.52,1.19,20.288474,85.792104,3,1.32
2024-09-30 14:38:44.443428,13,71.95,Recyclable,39.5,80.28,41.93,20.322625,85.881102,5,0.53
2024-09-30 14:38:44.443428,17,61.18,Organic,26.07,66.0,14.64,20.324804,85.796178,2,1.18
2024-10-01 04:38:44.443428,13,17.87,General,30.43,63.33,47.19,20.266167,85.847781,5,1.9
2024-10-01 11:38:44.443428,19,93.11,General,36.41,63.35,14.02,20.260534,85.868804,5,0.39
2024-10-01 11:38:44.443428,4,86.21,General,33.89,60.35,35.53,20.298303,85.884295,1,2.0
2024-10-01 13:38:44.443428,7,17.18,General,27.23,66.92,6.57,20.274451,85.849811,5,0.46
2024-10-01 19:38:44.443428,17,2.46,General,25.45,84.88,4.16,20.321124,85.850024,2,1.04
2024-10-02 10:38:44.443428,16,36.26,General,28.54,69.56,47.44,20.302348,85.872713,3,0.76
2024-10-03 08:38:44.443428,19,90.83,General,39.22,60.7,17.43,20.279455,85.819329,4,0.75
2024-10-03 15:38:44.443428,18,59.81,Hazardous,27.98,77.06,14.4,20.290912,85.853768,6,0.66
2024-10-03 19:38:44.443428,12,3.25,Recyclable,32.13,84.85,1.21,20.257892,85.827449,2,0.2
2024-10-04 15:38:44.443428,20,60.73,Recyclable,29.66,71.93,38.12,20.282887,85.832408,2,1.04
2024-10-04 17:38:44.443428,1,24.96,Hazardous,33.51,76.27,22.53,20.306229,85.84595,5,1.78
2024-10-04 17:38:44.443428,5,5.73,General,38.46,64.71,9.82,20.278977,85.81075,5,1.33
2024-10-05 01:38:44.443428,8,59.15,Recyclable,32.39,79.62,44.01,20.245493,85.869921,3,1.16
2024-10-05 11:38:44.443428,8,48.01,Organic,34.75,89.43,2.29,20.269744,85.846413,3,1.19
2024-10-05 16:38:44.443428,9,43.64,Recyclable,36.59,75.22,39.86,20.248383,85.7954,7,1.15
2024-10-06 01:38:44.443428,8,93.89,Recyclable,39.08,67.99,18.03,20.2606,85.839618,1,1.68
2024-10-06 01:38:44.443428,11,94.45,General,27.92,89.05,16.49,20.337505,85.874791,1,0.66
2024-10-06 08:38:44.443428,13,22.64,Hazardous,26.06,70.07,44.94,20.269801,85.799941,4,1.9
2024-10-06 10:38:44.443428,13,67.77,General,26.54,87.34,6.59,20.253162,85.849117,7,1.09
2024-10-06 19:38:44.443428,4,57.17,General,37.52,74.63,28.26,20.251949,85.882414,2,1.11
2024-10-07 02:38:44.443428,6,9.95,Recyclable,39.01,61.08,47.25,20.270316,85.814765,2,0.51
2024-10-07 12:38:44.443428,5,81.81,General,32.47,73.89,18.83,20.275372,85.882353,2,1.82
2024-10-07 14:38:44.443428,14,80.26,General,32.16,82.66,26.42,20.245259,85.796804,7,1.92
2024-10-08 03:38:44.443428,10,9.19,Hazardous,36.02,81.56,9.37,20.331048,85.803705,3,0.39
2024-10-09 08:38:44.443428,10,49.31,Organic,32.89,68.23,47.76,20.247464,85.873749,6,1.68
2024-10-09 17:38:44.443428,13,84.38,Organic,27.54,81.84,37.47,20.30031,85.821622,2,1.36
2024-10-11 03:38:44.443428,15,83.15,General,29.3,89.15,33.15,20.280426,85.810494,6,0.46
2024-10-11 13:38:44.443428,15,17.45,General,35.15,76.27,42.31,20.25017,85.835153,2,1.44
2024-10-12 22:38:44.443428,10,30.79,General,34.22,87.01,48.22,20.338402,85.829819,7,1.53
2024-10-13 06:38:44.443428,12,80.56,General,38.61,71.66,36.37,20.294883,85.789689,2,0.65
2024-10-15 22:38:44.443428,20,55.93,Hazardous,36.74,77.75,40.9,20.312903,85.867993,2,1.77
2024-10-16 03:38:44.443428,8,74.65,Organic,26.88,61.38,6.37,20.319681,85.878251,2,0.38
2024-10-16 13:38:44.443428,2,68.36,General,28.96,66.29,47.06,20.276837,85.810122,7,0.92
2024-10-16 15:38:44.443428,12,68.68,Hazardous,30.56,64.03,29.41,20.25942,85.845334,5,1.72
2024-10-17 11:38:44.443428,4,83.67,Recyclable,33.51,77.23,27.72,20.322571,85.823066,2,0.14
2024-10-17 12:38:44.443428,1,86.79,Hazardous,39.04,80.44,12.34,20.294495,85.839494,1,1.26
2024-10-17 22:38:44.443428,14,67.78,Recyclable,32.76,65.99,38.34,20.318513,85.838243,3,1.15
2024-10-18 01:38:44.443428,12,98.41,General,27.68,64.12,17.76,20.297073,85.866521,2,1.89
2024-10-18 12:38:44.443428,12,82.29,Hazardous,32.87,77.16,4.04,20.272285,85.843726,4,0.53
2024-10-18 13:38:44.443428,16,81.67,Organic,35.78,73.03,13.16,20.284028,85.846955,2,1.68
2024-10-18 14:38:44.443428,8,9.11,Recyclable,29.87,80.07,22.79,20.270501,85.814773,3,1.17
2024-10-18 18:38:44.443428,17,94.19,Recyclable,25.91,82.16,46.22,20.334957,85.785727,5,1.77
2024-10-19 07:38:44.443428,15,72.68,General,36.32,63.98,31.66,20.265242,85.876195,4,1.48
2024-10-19 07:38:44.443428,2,43.57,Recyclable,38.71,75.46,9.89,20.321914,85.806242,3,0.18
2024-10-20 01:38:44.443428,16,60.56,Recyclable,32.26,76.2,33.55,20.318316,85.865172,5,0.45
2024-10-20 04:38:44.443428,4,54.97,Recyclable,36.33,67.31,6.74,20.260652,85.876091,2,1.23
2024-10-20 04:38:44.443428,4,48.01,General,31.1,69.81,14.69,20.279508,85.868546,4,1.13
2024-10-20 08:38:44.443428,20,8.5,Hazardous,33.58,79.66,0.86,20.305488,85.864315,2,0.98
2024-10-21 05:38:44.443428,6,35.11,General,29.31,61.11,13.79,20.337491,85.796741,7,0.33
2024-10-21 14:38:44.443428,18,43.02,Organic,33.93,68.4,17.22,20.260968,85.870756,6,0.56
2024-10-21 21:38:44.443428,5,29.39,General,32.82,89.03,7.44,20.275226,85.804332,1,0.76
2024-10-22 21:38:44.443428,16,22.1,General,27.92,81.45,46.91,20.283424,85.788515,5,1.02
2024-10-22 23:38:44.443428,1,24.93,Hazardous,30.64,69.88,28.75,20.274394,85.82287,6,0.87
2024-10-23 13:38:44.443428,18,47.34,Organic,32.87,69.65,21.15,20.257322,85.826873,5,0.17
2024-10-23 16:38:44.443428,14,29.69,Organic,26.78,80.68,16.69,20.317177,85.792363,4,0.97
2024-10-24 01:38:44.443428,15,22.13,General,29.31,89.86,8.77,20.335961,85.791585,7,0.19
2024-10-24 01:38:44.443428,8,65.83,Recyclable,31.96,60.03,17.75,20.2762,85.846391,7,0.94
2024-10-24 11:38:44.443428,10,84.76,Organic,31.24,77.59,29.45,20.287022,85.814572,5,0.48
2024-10-25 06:38:44.443428,18,74.35,Hazardous,25.85,61.05,34.44,20.297841,85.790094,1,1.81
2024-10-25 06:38:44.443428,13,75.05,General,26.23,67.36,32.84,20.289003,85.793089,7,0.42
2024-10-25 20:38:44.443428,12,52.99,Organic,33.14,76.17,22.01,20.263902,85.799166,3,0.81
2024-10-26 09:38:44.443428,15,94.29,Recyclable,36.08,88.17,16.42,20.253487,85.839695,4,1.21
2024-10-27 05:38:44.443428,4,10.65,Recyclable,36.19,85.58,31.56,20.271379,85.881621,7,0.75
2024-10-27 22:38:44.443428,10,4.22,Recyclable,38.21,84.09,41.47,20.271458,85.866913,2,1.65
2024-10-28 02:38:44.443428,15,80.87,Hazardous,37.47,73.89,24.39,20.244795,85.789178,5,1.06
2024-10-28 10:38:44.443428,13,22.39,General,31.29,84.4,35.29,20.302114,85.812362,2,1.61
2024-10-28 15:38:44.443428,1,12.34,Recyclable,38.34,84.36,44.19,20.298051,85.815428,2,0.99
2024-10-28 17:38:44.443428,1,15.62,Recyclable,28.52,73.74,2.67,20.255809,85.812401,6,0.17
2024-10-29 02:38:44.443428,8,86.79,Organic,27.8,77.18,18.31,20.258552,85.884514,2,1.47
2024-10-29 15:38:44.443428,17,11.31,Hazardous,26.82,69.09,7.12,20.266058,85.815225,2,0.43
2024-10-29 15:38:44.443428,3,94.46,Recyclable,39.34,85.5,22.48,20.289337,85.815314,1,1.26
2024-10-30 06:38:44.443428,9,46.14,General,26.76,69.25,30.52,20.30366,85.78799,7,0.76
2024-10-30 06:38:44.443428,5,81.25,General,38.04,62.6,4.52,20.312712,85.879671,4,1.02
2024-10-30 12:38:44.443428,20,74.07,General,28.18,70.56,2.29,20.30138,85.785358,2,0.8
2024-10-30 15:38:44.443428,17,20.97,Hazardous,31.19,62.05,20.55,20.30301,85.875996,1,1.01
2024-10-31 04:38:44.443428,15,50.24,Recyclable,29.75,86.75,30.08,20.316254,85.877681,3,1.94
2024-10-31 06:38:44.443428,18,45.43,Recyclable,30.37,88.93,29.98,20.323,85.78579,3,0.1
2024-10-31 09:38:44.443428,9,69.03,Hazardous,35.89,65.31,10.66,20.240363,85.830312,3,0.62
2024-10-31 09:38:44.443428,11,26.95,General,31.63,79.48,17.75,20.320629,85.83072,3,1.75
2024-10-31 10:38:44.443428,13,81.7,Recyclable,39.25,87.45,14.9,20.308464,85.821373,5,0.28
2024-10-31 23:38:44.443428,4,71.79,Hazardous,33.54,89.5,0.79,20.289351,85.798397,4,1.99
2024-11-01 08:38:44.443428,11,66.02,Recyclable,39.17,67.48,14.74,20.304315,85.827409,5,0.89
2024-11-01 11:38:44.443428,11,4.49,Organic,32.35,84.72,7.55,20.290525,85.802808,5,1.77
2024-11-02 17:38:44.443428,5,95.53,Hazardous,26.52,81.12,16.47,20.239673,85.88345,6,0.47
2024-11-03 03:38:44.443428,3,12.56,Recyclable,25.49,77.14,30.99,20.259111,85.822465,2,1.37
2024-11-03 06:38:44.443428,19,1.62,General,30.75,69.66,9.01,20.329496,85.876668,4,0.65
2024-11-04 05:38:44.443428,14,25.61,Hazardous,25.68,87.91,30.66,20.24404,85.86997,3,1.66
2024-11-04 20:38:44.443428,1,14.94,Hazardous,31.09,85.91,9.57,20.308417,85.830548,4,0.28
2024-11-05 00:38:44.443428,2,68.75,General,31.72,85.6,3.79,20.273098,85.801292,7,1.64
2024-11-05 00:38:44.443428,19,8.36,Organic,29.1,77.85,6.54,20.297599,85.839362,5,0.81
2024-11-05 15:38:44.443428,19,39.87,Hazardous,28.5,63.7,28.28,20.30648,85.856928,5,1.6
2024-11-06 03:38:44.443428,10,69.11,Recyclable,25.36,84.06,33.16,20.327357,85.790009,5,1.3
2024-11-06 11:38:44.443428,19,38.04,Hazardous,31.65,73.44,19.8,20.322225,85.810262,7,1.22
2024-11-06 23:38:44.443428,10,7.54,Organic,38.5,76.89,29.08,20.310439,85.856002,6,0.26
2024-11-07 12:38:44.443428,6,15.54,Organic,38.53,73.31,21.0,20.306973,85.833406,7,1.03
2024-11-07 23:38:44.443428,1,28.56,Organic,26.59,86.31,7.63,20.241484,85.818052,7,0.18
2024-11-08 08:38:44.443428,10,21.58,Recyclable,32.18,64.29,12.28,20.276002,85.841656,3,1.46
2024-11-08 11:38:44.443428,12,83.97,General,31.22,65.71,45.88,20.333028,85.794376,3,1.58
2024-11-08 21:38:44.443428,19,67.25,Hazardous,29.57,67.42,34.15,20.323959,85.878224,6,0.35
2024-11-08 22:38:44.443428,14,28.56,General,38.31,82.76,34.09,20.313582,85.806757,3,0.3
2024-11-09 09:38:44.443428,5,50.01,Recyclable,35.54,65.42,18.23,20.29455,85.79201,6,1.04
2024-11-09 12:38:44.443428,19,68.52,Organic,37.88,64.84,9.99,20.263005,85.847463,3,1.77
2024-11-09 19:38:44.443428,14,31.28,General,37.46,88.43,30.32,20.289208,85.830566,2,1.79
2024-11-10 10:38:44.443428,2,47.01,Recyclable,26.45,86.97,37.66,20.262654,85.805258,2,1.1
2024-11-11 05:38:44.443428,17,76.46,Organic,30.49,78.09,49.25,20.321751,85.786702,2,1.65
2024-11-11 05:38:44.443428,1,62.15,Organic,37.18,74.24,33.83,20.294297,85.796419,7,1.75
2024-11-11 15:38:44.443428,2,16.83,Recyclable,37.13,72.5,19.62,20.304212,85.883254,7,0.15
2024-11-11 18:38:44.443428,18,95.91,Organic,31.69,83.3,8.8,20.335164,85.787431,2,1.32
2024-11-12 05:38:44.443428,3,56.0,Organic,36.05,79.72,7.44,20.242806,85.845401,1,1.9
2024-11-12 06:38:44.443428,20,27.05,Organic,29.93,77.25,6.47,20.296324,85.843007,4,0.24
2024-11-14 02:38:44.443428,10,8.89,Hazardous,26.06,79.19,19.08,20.265492,85.805979,4,1.94
2024-11-14 11:38:44.443428,11,90.46,Hazardous,28.34,74.0,6.58,20.303956,85.837742,7,1.11
2024-11-14 17:38:44.443428,2,14.54,General,28.6,65.7,29.42,20.286273,85.872658,7,0.23
2024-11-14 18:38:44.443428,2,29.09,Recyclable,31.22,78.8,10.36,20.328884,85.845308,3,0.13
2024-11-14 19:38:44.443428,16,87.96,Hazardous,33.45,87.78,40.06,20.312911,85.849593,2,0.5
2024-11-15 08:38:44.443428,7,5.49,Hazardous,25.26,75.66,49.23,20.339576,85.885106,6,1.87
2024-11-15 08:38:44.443428,8,35.48,Recyclable,35.22,79.82,26.0,20.262809,85.827519,3,1.98
2024-11-15 21:38:44.443428,16,76.65,General,38.23,72.54,25.16,20.257709,85.834335,2,1.51
2024-11-16 13:38:44.443428,12,2.09,Recyclable,29.32,74.37,40.9,20.30491,85.853514,1,0.33
2024-11-16 16:38:44.443428,2,60.31,Hazardous,37.37,69.45,6.84,20.295023,85.793812,4,1.65
2024-11-16 18:38:44.443428,17,82.34,Organic,34.97,86.31,31.68,20.307036,85.842134,7,1.81
2024-11-16 23:38:44.443428,11,14.89,General,30.34,67.0,20.86,20.293441,85.855223,4,0.86
2024-11-17 03:38:44.443428,4,51.48,Organic,35.73,81.99,5.55,20.287978,85.867714,3,1.01
2024-11-17 07:38:44.443428,10,65.7,Recyclable,38.46,87.9,17.77,20.286679,85.834573,5,0.65
2024-11-17 16:38:44.443428,17,60.82,Organic,32.22,68.95,23.68,20.260003,85.838132,5,0.58
2024-11-17 21:38:44.443428,11,69.51,Hazardous,32.17,85.33,27.22,20.261026,85.881094,2,0.69
2024-11-19 09:38:44.443428,19,83.83,Organic,33.01,79.36,33.68,20.305341,85.815047,4,1.36
2024-11-19 13:38:44.443428,11,42.38,General,36.04,68.55,32.61,20.324253,85.785342,2,1.44
2024-11-19 14:38:44.443428,17,73.03,Recyclable,37.67,76.76,0.66,20.286468,85.834478,2,1.89
2024-11-19 22:38:44.443428,20,12.2,Hazardous,39.03,66.94,33.04,20.241067,85.799096,2,1.93
2024-11-19 22:38:44.443428,4,90.0,General,37.18,82.48,1.3,20.31626,85.842442,3,0.83
2024-11-19 22:38:44.443428,2,67.17,Organic,39.84,69.44,32.65,20.270401,85.867548,7,0.73
2024-11-20 01:38:44.443428,4,89.42,Recyclable,28.23,78.01,22.23,20.267209,85.854135,7,0.57
2024-11-20 08:38:44.443428,18,88.16,General,30.85,76.07,38.82,20.264785,85.798421,5,0.45
2024-11-21 20:38:44.443428,11,96.91,Hazardous,28.81,63.96,21.44,20.311484,85.838599,3,0.75
2024-11-21 21:38:44.443428,19,46.88,General,28.81,64.38,4.97,20.271322,85.822886,1,0.47
2024-11-22 00:38:44.443428,1,16.58,General,25.34,69.34,20.71,20.33346,85.863517,4,0.66
2024-11-22 00:38:44.443428,20,32.15,Hazardous,33.34,72.86,16.79,20.258247,85.837389,6,1.6
2024-11-22 03:38:44.443428,16,29.07,Organic,35.53,63.34,20.91,20.33775,85.844502,6,1.21
2024-11-22 12:38:44.443428,15,83.12,Recyclable,25.01,75.07,21.4,20.242977,85.879003,5,0.8
2024-11-22 21:38:44.443428,17,2.01,General,25.09,63.34,23.32,20.295603,85.788161,1,0.25
2024-11-23 00:38:44.443428,5,9.85,Organic,30.17,73.18,40.99,20.329554,85.806034,3,1.75
2024-11-23 03:38:44.443428,2,70.94,Organic,32.82,65.2,34.64,20.24049,85.841963,4,0.73
2024-11-23 05:38:44.443428,17,82.04,General,36.25,65.26,24.71,20.315612,85.808793,7,1.09
2024-11-23 06:38:44.443428,2,80.71,General,32.22,78.8,32.3,20.277248,85.824677,6,0.32
2024-11-23 15:38:44.443428,20,19.32,Recyclable,29.88,89.52,31.18,20.287639,85.790786,7,0.19
2024-11-24 14:38:44.443428,4,86.65,Recyclable,35.33,64.24,46.94,20.251901,85.797189,2,0.79
2024-11-24 23:38:44.443428,5,53.58,Organic,39.88,64.55,42.49,20.293823,85.875141,2,1.18
2024-11-26 00:38:44.443428,5,52.61,Organic,33.0,76.0,40.61,20.29889,85.839462,3,1.42
2024-11-28 02:38:44.443428,2,19.23,Hazardous,35.36,76.4,41.87,20.247517,85.860563,2,0.81
2024-11-28 12:38:44.443428,12,75.74,Organic,25.51,64.29,22.59,20.295483,85.829096,5,1.39
2024-11-28 18:38:44.443428,20,46.4,Hazardous,26.41,64.42,41.43,20.27532,85.847807,5,1.09
2024-11-28 22:38:44.443428,3,25.55,Recyclable,38.49,88.1,18.61,20.33767,85.798243,2,0.47
2024-11-29 01:38:44.443428,6,93.31,Hazardous,30.08,82.18,0.36,20.315958,85.825462,4,1.3
2024-11-29 05:38:44.443428,15,38.12,Hazardous,27.36,76.28,17.96,20.277111,85.861768,2,1.6
2024-11-30 12:38:44.443428,3,1.13,Recyclable,33.91,82.94,23.38,20.280954,85.800107,1,1.18
2024-11-30 18:38:44.443428,19,63.6,Hazardous,28.32,68.99,17.28,20.303526,85.838923,2,1.98
2024-11-30 18:38:44.443428,2,38.81,Hazardous,28.45,65.12,28.52,20.304297,85.78765,1,0.85
2024-12-01 03:38:44.443428,4,50.53,Hazardous,27.76,70.7,5.63,20.284858,85.800179,7,1.48
2024-12-02 04:38:44.443428,8,47.85,Organic,38.11,65.19,29.1,20.265409,85.840393,4,1.26
2024-12-02 07:38:44.443428,13,14.91,Recyclable,26.21,73.93,8.7,20.239997,85.785979,2,1.06
2024-12-02 23:38:44.443428,15,46.51,Recyclable,32.97,79.82,48.16,20.248033,85.833239,4,0.12
2024-12-03 02:38:44.443428,18,44.16,Recyclable,32.63,79.41,37.34,20.30384,85.791062,4,1.44
2024-12-04 05:38:44.443428,10,9.79,Organic,28.17,81.71,18.96,20.298513,85.868532,3,0.85
2024-12-04 17:38:44.443428,8,82.27,Hazardous,33.67,87.93,27.24,20.26468,85.790414,7,0.8
2024-12-05 04:38:44.443428,17,80.59,Organic,28.89,78.64,26.01,20.320326,85.789943,3,1.91
2024-12-05 06:38:44.443428,6,8.94,Recyclable,35.41,70.79,49.52,20.324952,85.817144,2,1.65
2024-12-05 10:38:44.443428,3,27.66,Hazardous,29.25,65.13,39.41,20.292503,85.810446,5,0.33
2024-12-05 17:38:44.443428,14,78.99,General,26.98,78.57,6.22,20.300559,85.870388,2,1.93
2024-12-05 23:38:44.443428,16,77.26,General,33.42,61.21,45.11,20.284104,85.821476,7,1.28
2024-12-06 02:38:44.443428,6,40.9,Hazardous,26.18,74.43,42.58,20.256093,85.818282,1,1.59
2024-12-07 11:38:44.443428,16,34.62,Hazardous,31.22,70.97,13.19,20.28207,85.793236,3,1.54
2024-12-07 13:38:44.443428,11,62.22,Hazardous,31.93,75.46,36.22,20.290088,85.809687,3,1.0
2024-12-07 16:38:44.443428,6,93.39,Hazardous,32.28,67.41,21.25,20.251653,85.809171,2,0.68
2024-12-07 17:38:44.443428,12,94.33,Hazardous,25.22,77.12,30.09,20.311673,85.796305,5,0.8
2024-12-09 04:38:44.443428,15,37.08,Recyclable,29.79,88.52,41.25,20.336164,85.81138,4,0.91
2024-12-09 06:38:44.443428,5,2.74,Recyclable,35.21,70.26,1.9,20.248077,85.814692,4,0.61
2024-12-09 06:38:44.443428,17,87.68,Organic,38.92,89.17,35.76,20.303302,85.861118,7,1.0
2024-12-09 10:38:44.443428,20,27.05,Hazardous,31.14,69.27,26.31,20.273794,85.876109,2,1.72
2024-12-09 20:38:44.443428,8,43.67,Recyclable,28.33,79.13,35.88,20.320491,85.817357,1,1.01
2024-12-10 01:38:44.443428,19,62.57,Hazardous,26.91,67.99,37.96,20.249748,85.870631,2,0.48
2024-12-10 20:38:44.443428,6,82.2,Recyclable,35.1,88.06,34.37,20.313068,85.863553,5,1.08
2024-12-11 15:38:44.443428,15,10.98,Organic,39.54,88.08,32.81,20.305827,85.862523,7,0.56
2024-12-12 05:38:44.443428,18,7.17,Organic,36.32,80.18,1.73,20.28056,85.845938,1,0.56
2024-12-12 18:38:44.443428,3,81.08,General,32.9,81.95,2.94,20.333306,85.841449,2,0.5
2024-12-13 06:38:44.443428,19,52.21,Organic,34.83,80.99,12.56,20.289708,85.830259,1,0.9
2024-12-13 12:38:44.443428,1,79.35,General,36.34,61.99,14.73,20.317313,85.864736,1,1.48
2024-12-13 13:38:44.443428,16,80.91,General,28.58,77.1,13.09,20.259898,85.805412,7,1.95
2024-12-13 21:38:44.443428,20,28.84,Organic,38.64,78.93,25.96,20.303004,85.790655,2,0.7
2024-12-14 00:38:44.443428,11,26.87,General,39.38,89.59,8.43,20.290708,85.87985,4,1.98
2024-12-14 06:38:44.443428,9,21.67,Hazardous,25.83,77.56,11.82,20.244875,85.837311,3,1.15
2024-12-14 14:38:44.443428,15,8.45,Hazardous,31.06,70.27,28.92,20.286459,85.839747,2,1.31
2024-12-14 20:38:44.443428,17,66.76,General,36.82,74.03,36.39,20.301788,85.883167,5,1.81
2024-12-15 00:38:44.443428,10,29.54,Recyclable,37.91,85.23,44.89,20.319834,85.800748,2,0.74
2024-12-15 03:38:44.443428,18,71.29,General,34.81,73.25,19.46,20.248035,85.873741,4,1.35
2024-12-15 09:38:44.443428,15,82.36,Hazardous,36.5,88.32,46.0,20.307344,85.851929,1,1.82
2024-12-15 11:38:44.443428,6,75.36,Hazardous,32.43,86.28,40.55,20.292712,85.853558,3,1.41
2024-12-15 19:38:44.443428,7,94.47,Recyclable,26.07,71.88,0.46,20.29868,85.811519,3,0.73
2024-12-15 20:38:44.443428,18,31.83,Recyclable,31.58,72.31,15.46,20.294852,85.834646,2,0.26
2024-12-15 21:38:44.443428,8,60.58,Recyclable,37.05,83.85,39.53,20.318616,85.855504,5,1.38
2024-12-16 09:38:44.443428,12,24.28,Hazardous,28.6,87.68,8.29,20.240121,85.823616,4,1.26
2024-12-17 01:38:44.443428,9,82.28,General,28.59,86.86,29.49,20.297944,85.86429,1,1.63
2024-12-17 10:38:44.443428,14,57.56,General,35.92,73.93,31.08,20.242745,85.845693,6,1.96
2024-12-17 17:38:44.443428,15,1.95,Recyclable,26.24,66.68,13.59,20.311297,85.839997,3,0.9
2024-12-17 23:38:44.443428,12,98.22,Hazardous,35.92,66.51,20.27,20.310181,85.798349,7,0.48
2024-12-18 06:38:44.443428,18,74.97,Organic,29.72,75.54,26.62,20.262466,85.786669,1,0.95
2024-12-18 08:38:44.443428,8,57.67,Hazardous,31.64,62.03,37.88,20.263162,85.801973,5,0.74
2024-12-18 09:38:44.443428,12,37.83,Recyclable,32.19,89.9,8.91,20.239647,85.819967,4,1.87
2024-12-19 00:38:44.443428,1,78.02,General,34.14,77.27,14.49,20.327885,85.805989,3,1.65
2024-12-19 15:38:44.443428,1,5.14,General,39.31,67.12,15.92,20.321562,85.867993,3,0.66
2024-12-19 16:38:44.443428,19,34.69,Recyclable,27.95,70.94,14.15,20.29219,85.823419,6,1.62
2024-12-19 19:38:44.443428,13,59.41,General,36.59,66.3,12.73,20.250798,85.850575,4,0.92
2024-12-20 16:38:44.443428,19,81.43,Hazardous,39.37,78.03,41.06,20.268789,85.8074,4,1.82
2024-12-21 16:38:44.443428,6,64.66,Organic,34.51,76.59,47.76,20.240998,85.833845,7,0.85
2024-12-21 16:38:44.443428,10,1.97,Hazardous,28.65,87.41,29.14,20.241714,85.832382,6,0.83
2024-12-21 16:38:44.443428,3,76.33,General,28.01,89.92,41.36,20.259939,85.796706,5,1.57
2024-12-21 18:38:44.443428,11,45.26,General,28.65,73.01,15.78,20.26257,85.855275,1,1.22
2024-12-22 00:38:44.443428,9,38.23,Organic,33.06,62.82,24.87,20.323993,85.805546,7,1.81
2024-12-22 11:38:44.443428,12,82.69,Recyclable,32.05,83.03,12.83,20.247398,85.848854,4,1.32
2024-12-23 12:38:44.443428,6,23.32,Recyclable,39.98,60.59,49.5,20.298487,85.839433,6,1.08
2024-12-23 21:38:44.443428,3,48.75,Organic,38.78,65.21,6.9,20.260882,85.848473,2,0.96
2024-12-23 23:38:44.443428,15,16.25,Organic,31.67,73.71,36.01,20.279987,85.83265,6,0.59
2024-12-24 04:38:44.443428,5,32.22,Hazardous,31.72,71.72,14.2,20.317024,85.818075,7,1.61
2024-12-24 09:38:44.443428,18,55.86,Organic,37.9,84.48,29.95,20.262178,85.854357,2,1.46
2024-12-24 16:38:44.443428,12,18.59,Hazardous,25.72,62.83,36.48,20.255252,85.8347,6,0.29
2024-12-25 06:38:44.443428,11,2.82,Hazardous,31.7,62.34,8.02,20.336574,85.868653,6,0.5
2024-12-25 11:38:44.443428,8,75.95,Hazardous,30.91,64.01,22.49,20.271091,85.814209,2,1.51
2024-12-25 19:38:44.443428,16,31.64,General,38.73,71.36,2.17,20.326784,85.788465,4,0.59
2024-12-25 19:38:44.443428,4,42.12,Recyclable,25.99,83.74,23.82,20.261904,85.833693,5,1.05
2024-12-27 04:38:44.443428,10,44.55,Recyclable,25.42,80.76,31.69,20.285015,85.831759,6,0.2
2024-12-27 10:38:44.443428,13,33.51,Organic,27.09,86.6,46.12,20.320544,85.799086,2,1.37
2024-12-27 19:38:44.443428,15,23.05,General,34.41,73.57,10.64,20.28045,85.882609,6,0.78
2024-12-28 23:38:44.443428,16,68.57,Organic,30.93,67.25,11.69,20.294036,85.818292,6,1.14
2024-12-29 10:38:44.443428,18,90.08,General,31.34,76.15,17.68,20.301311,85.793352,1,0.99
2024-12-29 14:38:44.443428,4,97.14,Recyclable,29.58,69.05,47.64,20.264352,85.801136,5,0.36
2024-12-31 05:38:44.443428,20,80.79,General,34.19,88.44,26.1,20.260758,85.797635,4,1.73
2024-12-31 06:38:44.443428,14,19.21,General,37.04,63.92,39.73,20.288326,85.790071,4,1.01
2024-12-31 14:38:44.443428,14,38.03,Organic,37.42,67.18,10.33,20.289061,85.855006,3,1.33
2024-12-31 22:38:44.443428,19,82.44,General,25.38,84.99,3.05,20.313997,85.849327,5,0.88
2025-01-01 01:38:44.443428,12,83.35,Hazardous,26.22,72.34,34.44,20.332562,85.806192,1,0.89
2025-01-01 06:38:44.443428,9,0.27,Organic,25.84,62.56,18.67,20.286867,85.820397,5,1.41
2025-01-01 07:38:44.443428,2,10.84,General,27.7,70.88,11.7,20.332237,85.802825,6,1.9
2025-01-01 07:38:44.443428,11,63.72,General,36.84,83.29,18.9,20.319812,85.868604,6,1.59
2025-01-02 03:38:44.443428,20,75.72,Hazardous,29.65,83.03,39.8,20.264741,85.877805,6,1.03
2025-01-02 14:38:44.443428,19,64.55,Hazardous,35.81,71.82,20.3,20.282958,85.818945,4,0.83
2025-01-02 19:38:44.443428,19,70.56,Hazardous,34.54,60.01,0.56,20.328292,85.838414,3,0.7
2025-01-02 20:38:44.443428,7,49.67,Organic,30.34,65.11,40.77,20.292682,85.792316,5,1.23
2025-01-03 05:38:44.443428,2,86.8,Hazardous,29.3,62.8,14.18,20.333813,85.816724,1,1.58
2025-01-03 07:38:44.443428,1,6.13,Hazardous,28.54,73.24,27.2,20.279253,85.827309,1,1.94
2025-01-03 09:38:44.443428,9,71.88,Organic,27.82,85.96,23.14,20.25294,85.8159,2,1.43
2025-01-03 11:38:44.443428,18,51.81,Recyclable,28.44,84.16,29.48,20.310419,85.788981,4,0.86
2025-01-03 17:38:44.443428,11,28.1,General,37.93,71.1,49.39,20.284761,85.877766,1,1.75
2025-01-04 16:38:44.443428,19,68.54,General,36.59,62.03,13.82,20.264483,85.841524,7,0.11
2025-01-04 16:38:44.443428,11,17.07,General,31.1,77.58,6.11,20.306276,85.804187,5,1.87
2025-01-04 21:38:44.443428,15,42.68,General,25.74,89.1,6.45,20.244775,85.871617,7,0.7
2025-01-04 21:38:44.443428,6,80.65,General,38.79,69.26,48.73,20.323327,85.861455,5,1.75
2025-01-04 23:38:44.443428,15,59.07,Hazardous,36.34,78.9,16.04,20.268976,85.819487,7,1.09
2025-01-05 00:38:44.443428,11,29.06,Organic,32.72,70.81,11.96,20.271409,85.79127,7,1.97
2025-01-05 14:38:44.443428,20,51.9,Organic,29.72,62.92,35.17,20.298957,85.789923,5,1.95
2025-01-05 22:38:44.443428,8,12.35,Hazardous,30.59,65.12,19.16,20.31974,85.850742,7,1.13
2025-01-06 00:38:44.443428,7,9.68,Hazardous,29.3,87.97,0.92,20.324126,85.876148,4,0.88
2025-01-06 15:38:44.443428,14,89.0,General,32.52,76.87,5.62,20.269655,85.86208,1,1.02
2025-01-07 03:38:44.443428,4,87.55,Hazardous,26.15,71.6,14.3,20.308069,85.814723,1,0.64
2025-01-07 09:38:44.443428,9,34.99,Organic,39.94,83.49,13.49,20.310983,85.852241,1,0.59
2025-01-07 19:38:44.443428,2,1.68,General,31.12,77.0,21.03,20.304409,85.858039,7,1.39
2025-01-08 02:38:44.443428,11,90.92,Hazardous,32.13,85.12,44.41,20.285832,85.872422,3,1.4
2025-01-08 05:38:44.443428,11,13.55,Recyclable,36.73,63.01,1.0,20.3,85.847814,1,0.84
2025-01-08 08:38:44.443428,4,53.88,Hazardous,33.48,89.0,41.59,20.273656,85.872865,5,1.89
2025-01-08 11:38:44.443428,18,73.17,Organic,29.08,62.73,36.28,20.296681,85.832408,1,1.69
2025-01-08 22:38:44.443428,11,73.26,Recyclable,34.13,64.22,21.71,20.337718,85.865679,2,1.68
2025-01-09 05:38:44.443428,9,43.11,General,33.99,82.01,4.99,20.306985,85.841258,1,1.91
2025-01-09 21:38:44.443428,12,88.27,Organic,39.25,66.03,19.34,20.305183,85.791421,4,1.05
2025-01-10 03:38:44.443428,13,34.9,Hazardous,25.2,76.74,18.31,20.298179,85.876818,3,0.66
2025-01-10 06:38:44.443428,11,53.89,Organic,27.35,75.2,1.08,20.306193,85.865538,4,0.69
2025-01-10 08:38:44.443428,19,78.17,General,39.77,69.25,11.43,20.315058,85.870896,5,0.15
2025-01-10 11:38:44.443428,5,78.63,Organic,35.88,70.99,19.55,20.309721,85.848761,3,1.48
2025-01-10 15:38:44.443428,6,48.49,Organic,25.07,84.38,20.32,20.250307,85.813272,2,0.22
2025-01-11 15:38:44.443428,5,12.06,Hazardous,31.54,61.96,25.68,20.325739,85.851626,7,1.2
2025-01-12 05:38:44.443428,6,40.92,Recyclable,33.97,71.98,38.79,20.30787,85.882217,3,0.12
2025-01-12 22:38:44.443428,19,59.26,Recyclable,28.08,69.08,35.86,20.272598,85.79268,1,0.34
2025-01-13 16:38:44.443428,19,34.27,Recyclable,25.27,73.48,34.64,20.269209,85.80638,4,0.76
2025-01-13 18:38:44.443428,14,91.05,General,26.56,78.92,47.95,20.337406,85.884345,4,1.96
2025-01-14 07:38:44.443428,15,73.7,Hazardous,33.58,65.47,38.73,20.253055,85.881561,3,1.36
2025-01-14 08:38:44.443428,8,40.01,Hazardous,39.94,87.45,31.28,20.293286,85.881785,3,1.93
2025-01-15 02:38:44.443428,13,3.26,General,25.82,63.29,23.19,20.305075,85.850087,1,1.65
2025-01-15 03:38:44.443428,2,84.8,Organic,33.55,72.8,13.85,20.246236,85.84603,4,0.91
2025-01-16 05:38:44.443428,6,11.61,General,30.17,70.06,21.16,20.309735,85.796806,3,1.74
2025-01-16 15:38:44.443428,10,87.5,Hazardous,35.79,89.9,10.34,20.331484,85.831275,4,1.98
2025-01-16 23:38:44.443428,20,65.84,Organic,39.66,67.65,38.91,20.278337,85.799424,2,1.09
2025-01-18 05:38:44.443428,19,95.44,Organic,39.48,60.1,24.94,20.32658,85.86433,3,1.14
2025-01-18 16:38:44.443428,8,13.79,Recyclable,36.85,82.1,14.06,20.327261,85.812746,7,1.56
2025-01-19 02:38:44.443428,2,63.71,Hazardous,32.18,63.79,29.54,20.306761,85.880137,3,0.49
2025-01-19 08:38:44.443428,7,69.09,General,39.9,64.98,1.5,20.276612,85.80352,1,1.63
2025-01-20 12:38:44.443428,2,45.87,Organic,32.95,79.53,29.95,20.299213,85.85739,4,1.07
2025-01-20 23:38:44.443428,10,43.34,Hazardous,28.01,63.61,39.58,20.251435,85.859106,3,0.31
2025-01-21 18:38:44.443428,7,20.41,Recyclable,39.29,75.65,25.31,20.286302,85.787588,6,0.94
2025-01-21 21:38:44.443428,18,47.93,General,33.28,77.67,7.04,20.337604,85.865283,4,1.9
2025-01-21 23:38:44.443428,20,60.61,Hazardous,31.91,86.43,11.08,20.328435,85.840734,6,0.37
2025-01-22 04:38:44.443428,3,44.91,Recyclable,33.95,74.05,23.45,20.305976,85.826606,4,0.31
2025-01-22 16:38:44.443428,20,75.99,General,33.4,63.04,4.44,20.265368,85.802683,2,1.21
2025-01-23 17:38:44.443428,3,88.81,Organic,25.38,69.05,14.52,20.297221,85.789896,7,0.14
2025-01-24 03:38:44.443428,20,2.0,Organic,34.46,81.68,36.11,20.242653,85.78841,5,0.63
2025-01-24 04:38:44.443428,5,44.6,General,26.34,71.55,34.85,20.253031,85.821199,3,0.45
2025-01-24 05:38:44.443428,4,7.44,Recyclable,25.77,61.09,38.3,20.266944,85.857386,6,0.63
2025-01-24 09:38:44.443428,2,77.38,Hazardous,39.51,80.62,41.68,20.326976,85.835563,5,1.47
2025-01-24 16:38:44.443428,10,22.5,General,30.4,87.04,15.4,20.256649,85.809895,2,0.53
2025-01-24 18:38:44.443428,19,29.61,Organic,31.95,67.84,45.92,20.326741,85.794598,6,0.26
2025-01-24 20:38:44.443428,8,80.31,Hazardous,28.96,62.48,31.84,20.244435,85.838149,7,1.11
2025-01-25 03:38:44.443428,18,40.75,Hazardous,26.19,81.05,38.35,20.245919,85.841867,6,0.74
2025-01-26 12:38:44.443428,8,12.61,Hazardous,33.68,82.52,33.86,20.299045,85.83998,1,1.41
2025-01-27 03:38:44.443428,19,46.39,Recyclable,34.42,74.49,0.69,20.28238,85.83648,2,0.28
2025-01-28 06:38:44.443428,1,70.7,Organic,33.71,68.65,18.11,20.303838,85.840011,7,0.79
2025-01-28 08:38:44.443428,14,68.79,Recyclable,32.1,79.3,13.1,20.327589,85.881116,2,1.38
2025-01-28 18:38:44.443428,4,42.91,General,37.9,62.05,18.12,20.306258,85.844154,3,1.59
2025-01-29 00:38:44.443428,19,41.21,General,35.42,65.21,32.03,20.247904,85.813322,2,0.16
2025-01-29 00:38:44.443428,10,69.39,Organic,28.04,82.43,6.9,20.303627,85.833443,5,1.07
2025-01-29 04:38:44.443428,19,83.84,Recyclable,38.26,78.91,37.54,20.291043,85.838664,1,1.21
2025-01-29 11:38:44.443428,4,18.88,General,36.19,86.45,21.74,20.267361,85.883647,6,1.08
2025-01-29 15:38:44.443428,2,59.93,Hazardous,38.39,71.93,15.64,20.303742,85.835634,7,1.63
2025-01-29 16:38:44.443428,4,87.14,General,25.47,72.16,15.53,20.314765,85.851903,6,1.18
2025-01-29 16:38:44.443428,8,72.03,Recyclable,34.23,86.68,34.12,20.278898,85.86313,1,0.3
2025-01-30 13:38:44.443428,20,27.35,Recyclable,28.17,76.86,16.38,20.261568,85.786418,5,1.68
2025-01-30 16:38:44.443428,13,82.93,Recyclable,35.74,83.52,47.98,20.317189,85.836756,1,0.8
2025-01-31 05:38:44.443428,10,81.14,General,37.02,70.33,12.69,20.339385,85.805726,3,1.02
2025-01-31 08:38:44.443428,19,85.43,Hazardous,31.92,67.12,30.97,20.308665,85.834406,7,0.78
2025-01-31 08:38:44.443428,13,11.53,Recyclable,35.91,65.51,17.98,20.260727,85.78669,4,1.57
2025-01-31 14:38:44.443428,20,2.24,Organic,39.52,64.69,1.72,20.258977,85.860317,4,1.6
2025-02-01 05:38:44.443428,18,68.34,Hazardous,39.57,72.77,15.77,20.304438,85.823107,4,0.88
2025-02-01 18:38:44.443428,15,52.59,Hazardous,28.76,80.92,23.51,20.318979,85.837416,1,1.66
2025-02-02 08:38:44.443428,14,16.29,Recyclable,30.28,65.42,41.05,20.257379,85.824927,7,0.33
2025-02-02 16:38:44.443428,20,87.86,Hazardous,32.99,67.75,48.02,20.282565,85.797338,6,0.42
2025-02-03 01:38:44.443428,6,72.42,Recyclable,39.32,84.06,49.89,20.278381,85.79946,6,1.48
2025-02-03 13:38:44.443428,10,44.64,Recyclable,25.62,75.7,37.63,20.276373,85.811453,3,0.41
2025-02-03 14:38:44.443428,11,5.08,Hazardous,33.84,71.29,20.09,20.248486,85.844948,1,1.39
2025-02-03 15:38:44.443428,1,76.54,Organic,34.73,83.76,22.38,20.275539,85.853925,3,1.33
2025-02-03 21:38:44.443428,10,60.69,Organic,35.76,67.69,10.38,20.285773,85.800944,7,0.57
2025-02-03 22:38:44.443428,9,88.39,Recyclable,31.45,89.58,14.67,20.256499,85.86005,3,0.24
2025-02-03 23:38:44.443428,20,15.1,Organic,38.38,87.96,37.22,20.315937,85.841486,3,0.41
2025-02-04 04:38:44.443428,15,99.16,Hazardous,25.84,89.47,1.8,20.32525,85.82506,1,1.59
2025-02-04 07:38:44.443428,19,76.08,General,38.99,89.25,11.29,20.254567,85.883137,4,0.5
2025-02-04 21:38:44.443428,11,61.07,Hazardous,39.8,62.97,48.16,20.324278,85.790428,7,0.67
2025-02-05 19:38:44.443428,4,8.12,Recyclable,35.49,82.34,30.86,20.316292,85.819363,4,0.32
2025-02-05 23:38:44.443428,17,6.51,General,36.0,80.34,20.3,20.334784,85.872294,3,0.25
2025-02-06 05:38:44.443428,18,23.56,General,37.18,71.32,42.8,20.337035,85.861247,1,0.58
2025-02-06 06:38:44.443428,17,33.53,General,26.52,78.71,20.98,20.267323,85.833415,2,1.94
2025-02-07 04:38:44.443428,14,56.04,Hazardous,32.86,89.35,46.71,20.271164,85.82729,4,1.29
2025-02-07 04:38:44.443428,13,38.29,Recyclable,28.89,68.56,49.68,20.242973,85.822609,1,0.72
2025-02-07 12:38:44.443428,2,18.91,Recyclable,37.96,88.97,17.89,20.278668,85.835252,3,1.48
2025-02-07 20:38:44.443428,14,28.58,Hazardous,25.19,65.51,46.68,20.292776,85.797406,4,0.98
2025-02-08 02:38:44.443428,8,21.56,General,39.44,64.44,5.13,20.268695,85.810291,4,1.28
2025-02-08 09:38:44.443428,15,16.59,Hazardous,30.41,82.62,7.31,20.28398,85.842507,3,0.34
2025-02-08 10:38:44.443428,6,32.67,Hazardous,38.02,74.88,43.78,20.262209,85.842558,5,0.67
2025-02-08 13:38:44.443428,17,42.05,Organic,34.91,77.59,41.68,20.268193,85.806168,2,1.18
2025-02-08 16:38:44.443428,1,75.29,General,30.91,70.7,29.45,20.255463,85.824249,4,1.92
